State,County,State_County FIPS Code,State FIPS code,County FIPS Code,Opioid Dispensing Rate per 100
AL,AUTAUGA,1001,1,1,98.3
AL,BALDWIN,1003,1,3,65.0
AL,BARBOUR,1005,1,5,22.8
AL,BIBB,1007,1,7,24.8
AL,BLOUNT,1009,1,9,22.8
AL,BULLOCK,1011,1,11,22.0
AL,BUTLER,1013,1,13,35.1
AL,CALHOUN,1015,1,15,97.9
AL,CHAMBERS,1017,1,17,60.5
AL,CHEROKEE,1019,1,19,50.6
AL,CHILTON,1021,1,21,39.3
AL,CHOCTAW,1023,1,23,37.8
AL,CLARKE,1025,1,25,65.9
AL,CLAY,1027,1,27,81.7
AL,CLEBURNE,1029,1,29,5.7
AL,COFFEE,1031,1,31,74.4
AL,COLBERT,1033,1,33,150.0
AL,CONECUH,1035,1,35,113.3
AL,COOSA,1037,1,37,0.0
AL,COVINGTON,1039,1,39,85.3
AL,CRENSHAW,1041,1,41,33.4
AL,CULLMAN,1043,1,43,81.1
AL,DALE,1045,1,45,31.8
AL,DALLAS,1047,1,47,62.7
AL,DE KALB,1049,1,49,64.3
AL,ELMORE,1051,1,51,26.8
AL,ESCAMBIA,1053,1,53,81.2
AL,ETOWAH,1055,1,55,102.8
AL,FAYETTE,1057,1,57,53.6
AL,FRANKLIN,1059,1,59,89.4
AL,GENEVA,1061,1,61,17.0
AL,GREENE,1063,1,63,16.5
AL,HALE,1065,1,65,22.6
AL,HENRY,1067,1,67,46.2
AL,HOUSTON,1069,1,69,136.5
AL,JACKSON,1071,1,71,71.7
AL,JEFFERSON,1073,1,73,139.0
AL,LAMAR,1075,1,75,10.7
AL,LAUDERDALE,1077,1,77,57.3
AL,LAWRENCE,1079,1,79,28.3
AL,LEE,1081,1,81,35.4
AL,LIMESTONE,1083,1,83,26.9
AL,LOWNDES,1085,1,85,8.3
AL,MACON,1087,1,87,11.3
AL,MADISON,1089,1,89,87.3
AL,MARENGO,1091,1,91,58.8
AL,MARION,1093,1,93,106.0
AL,MARSHALL,1095,1,95,92.2
AL,MOBILE,1097,1,97,98.0
AL,MONROE,1099,1,99,53.7
AL,MONTGOMERY,1101,1,101,86.3
AL,MORGAN,1103,1,103,67.9
AL,PERRY,1105,1,105,17.3
AL,PICKENS,1107,1,107,43.7
AL,PIKE,1109,1,109,38.5
AL,RANDOLPH,1111,1,111,47.0
AL,RUSSELL,1113,1,113,35.9
AL,SAINT CLAIR,1115,1,115,63.0
AL,SHELBY,1117,1,117,64.6
AL,SUMTER,1119,1,119,41.9
AL,TALLADEGA,1121,1,121,39.7
AL,TALLAPOOSA,1123,1,123,43.4
AL,TUSCALOOSA,1125,1,125,86.6
AL,WALKER,1127,1,127,123.0
AL,WASHINGTON,1129,1,129,29.4
AL,WILCOX,1131,1,131,16.0
AL,WINSTON,1133,1,133,65.0
AK,ALEUTIANS EAST,2013,2,13,9.6
AK,ALEUTIANS WEST,2016,2,16,2.1
AK,ANCHORAGE,2020,2,20,47.2
AK,BETHEL,2050,2,50,8.8
AK,BRISTOL BAY,2060,2,60,6.4
AK,DENALI,2068,2,68,5.2
AK,DILLINGHAM,2070,2,70,1.7
AK,FAIRBANKS NORTH STAR,2090,2,90,29.7
AK,HAINES,2100,2,100,0.5
AK,HOONAH ANGOON,2105,2,105,3.0
AK,JUNEAU,2110,2,110,29.2
AK,KENAI PENINSULA,2122,2,122,47.3
AK,KETCHIKAN GATEWAY,2130,2,130,49.5
AK,KODIAK ISLAND,2150,2,150,18.0
AK,KUSILVAK,2158,2,158,1.0
AK,MATANUSKA SUSITNA,2170,2,170,38.0
AK,NOME,2180,2,180,3.0
AK,NORTH SLOPE,2185,2,185,2.2
AK,NORTHWEST ARCTIC,2188,2,188,11.2
AK,PETERSBURG,2195,2,195,67.0
AK,PRINCE OF WALES HYDER,2198,2,198,18.0
AK,SITKA,2220,2,220,14.8
AK,SKAGWAY,2230,2,230,10.4
AK,SOUTHEAST FAIRBANKS,2240,2,240,14.1
AK,WRANGELL,2275,2,275,3.9
AK,YAKUTAT,2282,2,282,8.1
AK,YUKON KOYUKUK,2290,2,290,2.6
AZ,APACHE,4001,4,1,4.9
AZ,COCHISE,4003,4,3,34.4
AZ,COCONINO,4005,4,5,32.2
AZ,GILA,4007,4,7,42.8
AZ,GRAHAM,4009,4,9,51.6
AZ,GREENLEE,4011,4,11,1.6
AZ,LA PAZ,4012,4,12,14.8
AZ,MARICOPA,4013,4,13,42.4
AZ,MOHAVE,4015,4,15,66.4
AZ,NAVAJO,4017,4,17,43.6
AZ,PIMA,4019,4,19,46.9
AZ,PINAL,4021,4,21,10.5
AZ,SANTA CRUZ,4023,4,23,5.9
AZ,YAVAPAI,4025,4,25,48.6
AZ,YUMA,4027,4,27,28.2
AR,ARKANSAS,5001,5,1,70.7
AR,ASHLEY,5003,5,3,26.0
AR,BAXTER,5005,5,5,136.7
AR,BENTON,5007,5,7,37.1
AR,BOONE,5009,5,9,67.2
AR,BRADLEY,5011,5,11,73.8
AR,CALHOUN,5013,5,13,15.3
AR,CARROLL,5015,5,15,37.4
AR,CHICOT,5017,5,17,90.0
AR,CLARK,5019,5,19,54.7
AR,CLAY,5021,5,21,72.7
AR,CLEBURNE,5023,5,23,53.9
AR,CLEVELAND,5025,5,25,4.9
AR,COLUMBIA,5027,5,27,51.7
AR,CONWAY,5029,5,29,38.2
AR,CRAIGHEAD,5031,5,31,164.0
AR,CRAWFORD,5033,5,33,51.4
AR,CRITTENDEN,5035,5,35,59.6
AR,CROSS,5037,5,37,59.7
AR,DALLAS,5039,5,39,31.6
AR,DESHA,5041,5,41,85.2
AR,DREW,5043,5,43,91.2
AR,FAULKNER,5045,5,45,64.0
AR,FRANKLIN,5047,5,47,40.2
AR,FULTON,5049,5,49,62.1
AR,GARLAND,5051,5,51,112.9
AR,GRANT,5053,5,53,12.6
AR,GREENE,5055,5,55,98.8
AR,HEMPSTEAD,5057,5,57,40.0
AR,HOT SPRING,5059,5,59,38.0
AR,HOWARD,5061,5,61,58.5
AR,INDEPENDENCE,5063,5,63,132.5
AR,IZARD,5065,5,65,70.5
AR,JACKSON,5067,5,67,55.0
AR,JEFFERSON,5069,5,69,98.7
AR,JOHNSON,5071,5,71,52.3
AR,LAFAYETTE,5073,5,73,91.5
AR,LAWRENCE,5075,5,75,45.2
AR,LEE,5077,5,77,82.0
AR,LINCOLN,5079,5,79,11.1
AR,LITTLE RIVER,5081,5,81,96.4
AR,LOGAN,5083,5,83,24.6
AR,LONOKE,5085,5,85,16.9
AR,MADISON,5087,5,87,29.5
AR,MARION,5089,5,89,7.2
AR,MILLER,5091,5,91,83.4
AR,MISSISSIPPI,5093,5,93,59.5
AR,MONROE,5095,5,95,5.9
AR,MONTGOMERY,5097,5,97,80.6
AR,NEVADA,5099,5,99,21.7
AR,NEWTON,5101,5,101,1.4
AR,OUACHITA,5103,5,103,70.7
AR,PERRY,5105,5,105,12.0
AR,PHILLIPS,5107,5,107,84.2
AR,PIKE,5109,5,109,30.4
AR,POINSETT,5111,5,111,69.0
AR,POLK,5113,5,113,52.8
AR,POPE,5115,5,115,41.2
AR,PRAIRIE,5117,5,117,13.9
AR,PULASKI,5119,5,119,141.7
AR,RANDOLPH,5121,5,121,20.4
AR,SAINT FRANCIS,5123,5,123,47.7
AR,SALINE,5125,5,125,38.3
AR,SCOTT,5127,5,127,62.0
AR,SEARCY,5129,5,129,28.3
AR,SEBASTIAN,5131,5,131,121.5
AR,SEVIER,5133,5,133,11.7
AR,SHARP,5135,5,135,43.7
AR,STONE,5137,5,137,71.4
AR,UNION,5139,5,139,113.6
AR,VAN BUREN,5141,5,141,38.0
AR,WASHINGTON,5143,5,143,70.2
AR,WHITE,5145,5,145,54.8
AR,WOODRUFF,5147,5,147,14.8
AR,YELL,5149,5,149,39.7
CA,ALAMEDA,6001,6,1,18.2
CA,ALPINE,6003,6,3,23.0
CA,AMADOR,6005,6,5,31.8
CA,BUTTE,6007,6,7,63.0
CA,CALAVERAS,6009,6,9,24.7
CA,COLUSA,6011,6,11,24.7
CA,CONTRA COSTA,6013,6,13,22.9
CA,DEL NORTE,6015,6,15,56.1
CA,EL DORADO,6017,6,17,28.4
CA,FRESNO,6019,6,19,41.9
CA,GLENN,6021,6,21,25.2
CA,HUMBOLDT,6023,6,23,46.8
CA,IMPERIAL,6025,6,25,27.7
CA,INYO,6027,6,27,26.6
CA,KERN,6029,6,29,35.1
CA,KINGS,6031,6,31,36.1
CA,LAKE,6033,6,33,27.0
CA,LASSEN,6035,6,35,36.3
CA,LOS ANGELES,6037,6,37,24.5
CA,MADERA,6039,6,39,20.3
CA,MARIN,6041,6,41,21.2
CA,MARIPOSA,6043,6,43,15.6
CA,MENDOCINO,6045,6,45,56.8
CA,MERCED,6047,6,47,32.8
CA,MODOC,6049,6,49,36.4
CA,MONO,6051,6,51,31.8
CA,MONTEREY,6053,6,53,25.8
CA,NAPA,6055,6,55,22.9
CA,NEVADA,6057,6,57,38.7
CA,ORANGE,6059,6,59,29.8
CA,PLACER,6061,6,61,46.0
CA,PLUMAS,6063,6,63,41.7
CA,RIVERSIDE,6065,6,65,29.1
CA,SACRAMENTO,6067,6,67,34.0
CA,SAN BENITO,6069,6,69,12.9
CA,SAN BERNARDINO,6071,6,71,34.5
CA,SAN DIEGO,6073,6,73,25.5
CA,SAN FRANCISCO,6075,6,75,30.5
CA,SAN JOAQUIN,6077,6,77,24.7
CA,SAN LUIS OBISPO,6079,6,79,42.6
CA,SAN MATEO,6081,6,81,17.7
CA,SANTA BARBARA,6083,6,83,39.1
CA,SANTA CLARA,6085,6,85,18.4
CA,SANTA CRUZ,6087,6,87,27.8
CA,SHASTA,6089,6,89,60.9
CA,SIERRA,6091,6,91,5.6
CA,SISKIYOU,6093,6,93,53.5
CA,SOLANO,6095,6,95,21.5
CA,SONOMA,6097,6,97,31.7
CA,STANISLAUS,6099,6,99,54.4
CA,SUTTER,6101,6,101,70.1
CA,TEHAMA,6103,6,103,35.0
CA,TRINITY,6105,6,105,31.7
CA,TULARE,6107,6,107,34.9
CA,TUOLUMNE,6109,6,109,65.2
CA,VENTURA,6111,6,111,30.9
CA,YOLO,6113,6,113,22.9
CA,YUBA,6115,6,115,29.2
CO,ADAMS,8001,8,1,28.0
CO,ALAMOSA,8003,8,3,35.8
CO,ARAPAHOE,8005,8,5,42.3
CO,ARCHULETA,8007,8,7,37.3
CO,BACA,8009,8,9,45.2
CO,BENT,8011,8,11,50.7
CO,BOULDER,8013,8,13,39.8
CO,BROOMFIELD,8014,8,14,43.9
CO,CHAFFEE,8015,8,15,37.1
CO,CHEYENNE,8017,8,17,27.3
CO,CLEAR CREEK,8019,8,19,4.7
CO,CONEJOS,8021,8,21,29.0
CO,COSTILLA,8023,8,23,0.6
CO,CROWLEY,8025,8,25,5.3
CO,CUSTER,8027,8,27,2.1
CO,DELTA,8029,8,29,37.6
CO,DENVER,8031,8,31,37.1
CO,DOLORES,8033,8,33,76.6
CO,DOUGLAS,8035,8,35,26.8
CO,EAGLE,8037,8,37,47.8
CO,ELBERT,8039,8,39,9.7
CO,EL PASO,8041,8,41,47.5
CO,FREMONT,8043,8,43,37.4
CO,GARFIELD,8045,8,45,30.0
CO,GILPIN,8047,8,47,0.1
CO,GRAND,8049,8,49,12.5
CO,GUNNISON,8051,8,51,21.0
CO,HINSDALE,8053,8,53,17.1
CO,HUERFANO,8055,8,55,33.8
CO,JACKSON,8057,8,57,11.3
CO,JEFFERSON,8059,8,59,35.9
CO,KIOWA,8061,8,61,25.4
CO,KIT CARSON,8063,8,63,24.3
CO,LAKE,8065,8,65,11.3
CO,LA PLATA,8067,8,67,48.8
CO,LARIMER,8069,8,69,39.0
CO,LAS ANIMAS,8071,8,71,66.0
CO,LINCOLN,8073,8,73,18.5
CO,LOGAN,8075,8,75,30.2
CO,MESA,8077,8,77,52.9
CO,MOFFAT,8081,8,81,33.5
CO,MONTEZUMA,8083,8,83,29.8
CO,MONTROSE,8085,8,85,37.1
CO,MORGAN,8087,8,87,25.0
CO,OTERO,8089,8,89,34.2
CO,OURAY,8091,8,91,15.9
CO,PARK,8093,8,93,0.7
CO,PHILLIPS,8095,8,95,31.6
CO,PITKIN,8097,8,97,27.9
CO,PROWERS,8099,8,99,21.5
CO,PUEBLO,8101,8,101,70.1
CO,RIO BLANCO,8103,8,103,25.4
CO,RIO GRANDE,8105,8,105,62.3
CO,ROUTT,8107,8,107,37.8
CO,SAGUACHE,8109,8,109,0.0
CO,SAN MIGUEL,8113,8,113,16.7
CO,SEDGWICK,8115,8,115,63.3
CO,SUMMIT,8117,8,117,28.2
CO,TELLER,8119,8,119,15.2
CO,WASHINGTON,8121,8,121,4.4
CO,WELD,8123,8,123,22.3
CO,YUMA,8125,8,125,31.3
CT,FAIRFIELD,9001,9,1,33.7
CT,HARTFORD,9003,9,3,39.0
CT,LITCHFIELD,9005,9,5,22.8
CT,MIDDLESEX,9007,9,7,26.2
CT,NEW HAVEN,9009,9,9,48.9
CT,NEW LONDON,9011,9,11,35.4
CT,TOLLAND,9013,9,13,17.8
CT,WINDHAM,9015,9,15,28.4
DE,KENT,10001,10,1,29.7
DE,NEW CASTLE,10003,10,3,46.8
DE,SUSSEX,10005,10,5,53.3
DC,DISTRICT OF COLUMBIA,11001,11,1,32.6
FL,ALACHUA,12001,12,1,94.2
FL,BAKER,12003,12,3,13.0
FL,BAY,12005,12,5,69.2
FL,BRADFORD,12007,12,7,22.2
FL,BREVARD,12009,12,9,53.5
FL,BROWARD,12011,12,11,32.7
FL,CALHOUN,12013,12,13,31.3
FL,CHARLOTTE,12015,12,15,61.8
FL,CITRUS,12017,12,17,51.0
FL,CLAY,12019,12,19,47.2
FL,COLLIER,12021,12,21,38.3
FL,COLUMBIA,12023,12,23,37.8
FL,DE SOTO,12027,12,27,8.5
FL,DIXIE,12029,12,29,9.9
FL,DUVAL,12031,12,31,76.5
FL,ESCAMBIA,12033,12,33,81.9
FL,FLAGLER,12035,12,35,29.4
FL,FRANKLIN,12037,12,37,22.6
FL,GADSDEN,12039,12,39,8.5
FL,GILCHRIST,12041,12,41,6.7
FL,GULF,12045,12,45,49.0
FL,HAMILTON,12047,12,47,5.8
FL,HARDEE,12049,12,49,5.1
FL,HENDRY,12051,12,51,11.3
FL,HERNANDO,12053,12,53,70.6
FL,HIGHLANDS,12055,12,55,36.6
FL,HILLSBOROUGH,12057,12,57,47.6
FL,HOLMES,12059,12,59,54.3
FL,INDIAN RIVER,12061,12,61,59.7
FL,JACKSON,12063,12,63,44.6
FL,JEFFERSON,12065,12,65,2.9
FL,LAFAYETTE,12067,12,67,22.4
FL,LAKE,12069,12,69,45.4
FL,LEE,12071,12,71,41.5
FL,LEON,12073,12,73,61.4
FL,LEVY,12075,12,75,55.0
FL,LIBERTY,12077,12,77,2.0
FL,MADISON,12079,12,79,17.5
FL,MANATEE,12081,12,81,36.6
FL,MARION,12083,12,83,58.4
FL,MARTIN,12085,12,85,56.9
FL,MIAMI-DADE,12086,12,86,23.6
FL,MONROE,12087,12,87,34.3
FL,NASSAU,12089,12,89,31.5
FL,OKALOOSA,12091,12,91,43.0
FL,OKEECHOBEE,12093,12,93,61.7
FL,ORANGE,12095,12,95,35.7
FL,OSCEOLA,12097,12,97,23.3
FL,PALM BEACH,12099,12,99,41.7
FL,PASCO,12101,12,101,60.4
FL,PINELLAS,12103,12,103,65.2
FL,POLK,12105,12,105,33.7
FL,PUTNAM,12107,12,107,34.6
FL,SAINT JOHNS,12109,12,109,30.4
FL,SAINT LUCIE,12111,12,111,33.9
FL,SANTA ROSA,12113,12,113,46.7
FL,SARASOTA,12115,12,115,53.5
FL,SEMINOLE,12117,12,117,37.9
FL,SUMTER,12119,12,119,14.0
FL,SUWANNEE,12121,12,121,16.0
FL,TAYLOR,12123,12,123,47.9
FL,UNION,12125,12,125,18.4
FL,VOLUSIA,12127,12,127,48.4
FL,WAKULLA,12129,12,129,9.4
FL,WALTON,12131,12,131,29.4
FL,WASHINGTON,12133,12,133,31.9
GA,APPLING,13001,13,1,41.9
GA,ATKINSON,13003,13,3,58.1
GA,BACON,13005,13,5,131.3
GA,BAKER,13007,13,7,42.3
GA,BALDWIN,13009,13,9,42.2
GA,BANKS,13011,13,11,10.6
GA,BARROW,13013,13,13,63.5
GA,BARTOW,13015,13,15,63.6
GA,BEN HILL,13017,13,17,70.0
GA,BERRIEN,13019,13,19,14.3
GA,BIBB,13021,13,21,125.6
GA,BLECKLEY,13023,13,23,36.6
GA,BRANTLEY,13025,13,25,6.5
GA,BROOKS,13027,13,27,97.6
GA,BRYAN,13029,13,29,23.9
GA,BULLOCH,13031,13,31,81.9
GA,BURKE,13033,13,33,38.0
GA,BUTTS,13035,13,35,36.8
GA,CALHOUN,13037,13,37,12.1
GA,CAMDEN,13039,13,39,31.1
GA,CANDLER,13043,13,43,73.5
GA,CARROLL,13045,13,45,73.3
GA,CATOOSA,13047,13,47,33.9
GA,CHARLTON,13049,13,49,57.2
GA,CHATHAM,13051,13,51,76.4
GA,CHATTAHOOCHEE,13053,13,53,0.9
GA,CHATTOOGA,13055,13,55,29.5
GA,CHEROKEE,13057,13,57,53.9
GA,CLARKE,13059,13,59,136.3
GA,CLAY,13061,13,61,15.3
GA,CLAYTON,13063,13,63,21.0
GA,CLINCH,13065,13,65,71.5
GA,COBB,13067,13,67,38.8
GA,COFFEE,13069,13,69,142.4
GA,COLQUITT,13071,13,71,86.2
GA,COLUMBIA,13073,13,73,58.5
GA,COOK,13075,13,75,43.9
GA,COWETA,13077,13,77,55.6
GA,CRAWFORD,13079,13,79,48.3
GA,CRISP,13081,13,81,90.0
GA,DADE,13083,13,83,8.9
GA,DAWSON,13085,13,85,35.3
GA,DECATUR,13087,13,87,74.5
GA,DEKALB,13089,13,89,43.2
GA,DODGE,13091,13,91,28.4
GA,DOOLY,13093,13,93,1.3
GA,DOUGHERTY,13095,13,95,112.3
GA,DOUGLAS,13097,13,97,43.8
GA,EARLY,13099,13,99,55.5
GA,EFFINGHAM,13103,13,103,20.9
GA,ELBERT,13105,13,105,57.1
GA,EMANUEL,13107,13,107,63.3
GA,EVANS,13109,13,109,43.9
GA,FANNIN,13111,13,111,75.7
GA,FAYETTE,13113,13,113,71.3
GA,FLOYD,13115,13,115,148.7
GA,FORSYTH,13117,13,117,27.3
GA,FRANKLIN,13119,13,119,37.5
GA,FULTON,13121,13,121,65.0
GA,GILMER,13123,13,123,50.5
GA,GLYNN,13127,13,127,73.6
GA,GORDON,13129,13,129,68.9
GA,GRADY,13131,13,131,35.3
GA,GREENE,13133,13,133,49.1
GA,GWINNETT,13135,13,135,29.2
GA,HABERSHAM,13137,13,137,27.2
GA,HALL,13139,13,139,77.6
GA,HANCOCK,13141,13,141,10.1
GA,HARALSON,13143,13,143,43.4
GA,HARRIS,13145,13,145,4.2
GA,HART,13147,13,147,34.0
GA,HEARD,13149,13,149,0.1
GA,HENRY,13151,13,151,41.8
GA,HOUSTON,13153,13,153,56.0
GA,IRWIN,13155,13,155,30.7
GA,JACKSON,13157,13,157,46.9
GA,JASPER,13159,13,159,22.8
GA,JEFF DAVIS,13161,13,161,31.6
GA,JEFFERSON,13163,13,163,40.9
GA,JENKINS,13165,13,165,32.5
GA,JOHNSON,13167,13,167,18.9
GA,JONES,13169,13,169,24.5
GA,LAMAR,13171,13,171,16.4
GA,LANIER,13173,13,173,26.5
GA,LAURENS,13175,13,175,96.3
GA,LEE,13177,13,177,28.7
GA,LIBERTY,13179,13,179,32.6
GA,LINCOLN,13181,13,181,65.1
GA,LONG,13183,13,183,0.2
GA,LOWNDES,13185,13,185,70.3
GA,LUMPKIN,13187,13,187,22.5
GA,MCDUFFIE,13189,13,189,64.1
GA,MCINTOSH,13191,13,191,4.9
GA,MACON,13193,13,193,25.6
GA,MADISON,13195,13,195,5.5
GA,MARION,13197,13,197,1.6
GA,MERIWETHER,13199,13,199,35.0
GA,MILLER,13201,13,201,74.6
GA,MITCHELL,13205,13,205,38.5
GA,MONROE,13207,13,207,22.8
GA,MONTGOMERY,13209,13,209,13.7
GA,MORGAN,13211,13,211,22.2
GA,MURRAY,13213,13,213,30.9
GA,MUSCOGEE,13215,13,215,102.4
GA,NEWTON,13217,13,217,37.0
GA,OCONEE,13219,13,219,39.8
GA,OGLETHORPE,13221,13,221,3.6
GA,PAULDING,13223,13,223,25.5
GA,PEACH,13225,13,225,46.1
GA,PICKENS,13227,13,227,32.8
GA,PIERCE,13229,13,229,35.5
GA,PIKE,13231,13,231,5.0
GA,POLK,13233,13,233,29.5
GA,PULASKI,13235,13,235,28.7
GA,PUTNAM,13237,13,237,14.3
GA,QUITMAN,13239,13,239,0.7
GA,RABUN,13241,13,241,73.8
GA,RANDOLPH,13243,13,243,21.5
GA,RICHMOND,13245,13,245,90.4
GA,ROCKDALE,13247,13,247,50.6
GA,SCHLEY,13249,13,249,13.5
GA,SCREVEN,13251,13,251,21.0
GA,SEMINOLE,13253,13,253,120.4
GA,SPALDING,13255,13,255,92.1
GA,STEPHENS,13257,13,257,64.6
GA,STEWART,13259,13,259,24.6
GA,SUMTER,13261,13,261,73.1
GA,TALBOT,13263,13,263,3.3
GA,TATTNALL,13267,13,267,36.5
GA,TAYLOR,13269,13,269,3.5
GA,TELFAIR,13271,13,271,8.5
GA,TERRELL,13273,13,273,6.7
GA,THOMAS,13275,13,275,124.2
GA,TIFT,13277,13,277,181.6
GA,TOOMBS,13279,13,279,55.4
GA,TOWNS,13281,13,281,76.2
GA,TREUTLEN,13283,13,283,0.3
GA,TROUP,13285,13,285,79.3
GA,TURNER,13287,13,287,39.7
GA,TWIGGS,13289,13,289,0.2
GA,UNION,13291,13,291,60.0
GA,UPSON,13293,13,293,90.5
GA,WALKER,13295,13,295,13.0
GA,WALTON,13297,13,297,22.3
GA,WARE,13299,13,299,160.1
GA,WARREN,13301,13,301,6.3
GA,WASHINGTON,13303,13,303,22.4
GA,WAYNE,13305,13,305,100.6
GA,WEBSTER,13307,13,307,0.9
GA,WHEELER,13309,13,309,0.0
GA,WHITE,13311,13,311,19.1
GA,WHITFIELD,13313,13,313,75.7
GA,WILCOX,13315,13,315,2.4
GA,WILKES,13317,13,317,43.6
GA,WILKINSON,13319,13,319,53.3
GA,WORTH,13321,13,321,30.5
HI,HAWAII,15001,15,1,36.9
HI,HONOLULU,15003,15,3,24.8
HI,KAUAI,15007,15,7,29.7
HI,MAUI,15009,15,9,28.8
ID,ADA,16001,16,1,54.9
ID,ADAMS,16003,16,3,13.2
ID,BANNOCK,16005,16,5,77.5
ID,BEAR LAKE,16007,16,7,66.3
ID,BENEWAH,16009,16,9,20.8
ID,BINGHAM,16011,16,11,58.1
ID,BLAINE,16013,16,13,21.8
ID,BOISE,16015,16,15,9.2
ID,BONNER,16017,16,17,42.5
ID,BONNEVILLE,16019,16,19,72.0
ID,BOUNDARY,16021,16,21,33.7
ID,BUTTE,16023,16,23,118.2
ID,CANYON,16027,16,27,27.1
ID,CARIBOU,16029,16,29,101.3
ID,CASSIA,16031,16,31,60.4
ID,CLEARWATER,16035,16,35,13.4
ID,CUSTER,16037,16,37,8.4
ID,ELMORE,16039,16,39,23.4
ID,FRANKLIN,16041,16,41,51.3
ID,FREMONT,16043,16,43,15.1
ID,GEM,16045,16,45,24.3
ID,GOODING,16047,16,47,25.9
ID,IDAHO,16049,16,49,27.6
ID,JEFFERSON,16051,16,51,17.6
ID,JEROME,16053,16,53,25.3
ID,KOOTENAI,16055,16,55,59.0
ID,LATAH,16057,16,57,26.5
ID,LEMHI,16059,16,59,32.7
ID,LEWIS,16061,16,61,14.1
ID,LINCOLN,16063,16,63,13.4
ID,MADISON,16065,16,65,27.7
ID,MINIDOKA,16067,16,67,18.2
ID,NEZ PERCE,16069,16,69,123.1
ID,ONEIDA,16071,16,71,63.9
ID,OWYHEE,16073,16,73,6.6
ID,PAYETTE,16075,16,75,50.7
ID,POWER,16077,16,77,41.2
ID,SHOSHONE,16079,16,79,31.5
ID,TETON,16081,16,81,21.3
ID,TWIN FALLS,16083,16,83,84.4
ID,VALLEY,16085,16,85,21.0
ID,WASHINGTON,16087,16,87,48.1
IL,ADAMS,17001,17,1,91.4
IL,ALEXANDER,17003,17,3,56.0
IL,BOND,17005,17,5,25.3
IL,BOONE,17007,17,7,27.1
IL,BROWN,17009,17,9,42.5
IL,BUREAU,17011,17,11,51.6
IL,CALHOUN,17013,17,13,5.6
IL,CARROLL,17015,17,15,15.6
IL,CASS,17017,17,17,9.2
IL,CHAMPAIGN,17019,17,19,46.6
IL,CHRISTIAN,17021,17,21,24.6
IL,CLARK,17023,17,23,49.9
IL,CLAY,17025,17,25,16.4
IL,CLINTON,17027,17,27,12.6
IL,COLES,17029,17,29,61.9
IL,COOK,17031,17,31,36.1
IL,CRAWFORD,17033,17,33,9.5
IL,CUMBERLAND,17035,17,35,19.2
IL,DEKALB,17037,17,37,27.4
IL,DE WITT,17039,17,39,23.5
IL,DOUGLAS,17041,17,41,13.3
IL,DUPAGE,17043,17,43,43.0
IL,EDGAR,17045,17,45,35.1
IL,EDWARDS,17047,17,47,36.9
IL,EFFINGHAM,17049,17,49,63.3
IL,FAYETTE,17051,17,51,18.8
IL,FORD,17053,17,53,19.1
IL,FRANKLIN,17055,17,55,29.0
IL,FULTON,17057,17,57,49.5
IL,GALLATIN,17059,17,59,14.3
IL,GREENE,17061,17,61,36.1
IL,GRUNDY,17063,17,63,47.1
IL,HAMILTON,17065,17,65,10.5
IL,HANCOCK,17067,17,67,34.5
IL,HARDIN,17069,17,69,159.5
IL,HENDERSON,17071,17,71,5.1
IL,HENRY,17073,17,73,24.9
IL,IROQUOIS,17075,17,75,36.9
IL,JACKSON,17077,17,77,98.3
IL,JASPER,17079,17,79,19.9
IL,JEFFERSON,17081,17,81,96.1
IL,JERSEY,17083,17,83,68.3
IL,JO DAVIESS,17085,17,85,25.4
IL,JOHNSON,17087,17,87,13.1
IL,KANE,17089,17,89,21.1
IL,KANKAKEE,17091,17,91,55.1
IL,KENDALL,17093,17,93,11.3
IL,KNOX,17095,17,95,63.3
IL,LAKE,17097,17,97,35.0
IL,LA SALLE,17099,17,99,28.7
IL,LAWRENCE,17101,17,101,42.5
IL,LEE,17103,17,103,23.4
IL,LIVINGSTON,17105,17,105,44.0
IL,LOGAN,17107,17,107,30.1
IL,MCDONOUGH,17109,17,109,49.4
IL,MCHENRY,17111,17,111,27.6
IL,MCLEAN,17113,17,113,50.9
IL,MACON,17115,17,115,70.9
IL,MACOUPIN,17117,17,117,22.2
IL,MADISON,17119,17,119,54.6
IL,MARION,17121,17,121,55.5
IL,MARSHALL,17123,17,123,20.8
IL,MASON,17125,17,125,22.7
IL,MASSAC,17127,17,127,86.3
IL,MENARD,17129,17,129,1.0
IL,MERCER,17131,17,131,21.3
IL,MONROE,17133,17,133,21.7
IL,MONTGOMERY,17135,17,135,49.1
IL,MORGAN,17137,17,137,53.6
IL,MOULTRIE,17139,17,139,7.2
IL,OGLE,17141,17,141,16.2
IL,PEORIA,17143,17,143,98.8
IL,PERRY,17145,17,145,59.3
IL,PIATT,17147,17,147,25.5
IL,PIKE,17149,17,149,41.0
IL,POPE,17151,17,151,22.0
IL,PUTNAM,17155,17,155,36.5
IL,RANDOLPH,17157,17,157,39.1
IL,RICHLAND,17159,17,159,41.9
IL,ROCK ISLAND,17161,17,161,46.1
IL,SAINT CLAIR,17163,17,163,53.1
IL,SALINE,17165,17,165,129.7
IL,SANGAMON,17167,17,167,84.9
IL,SCHUYLER,17169,17,169,30.8
IL,SCOTT,17171,17,171,3.1
IL,SHELBY,17173,17,173,15.7
IL,STARK,17175,17,175,0.6
IL,STEPHENSON,17177,17,177,49.6
IL,TAZEWELL,17179,17,179,29.6
IL,UNION,17181,17,181,69.2
IL,VERMILION,17183,17,183,50.2
IL,WABASH,17185,17,185,35.7
IL,WARREN,17187,17,187,32.3
IL,WASHINGTON,17189,17,189,25.1
IL,WAYNE,17191,17,191,56.2
IL,WHITE,17193,17,193,29.1
IL,WHITESIDE,17195,17,195,35.0
IL,WILL,17197,17,197,31.2
IL,WILLIAMSON,17199,17,199,90.0
IL,WINNEBAGO,17201,17,201,66.2
IL,WOODFORD,17203,17,203,30.6
IN,ADAMS,18001,18,1,26.0
IN,ALLEN,18003,18,3,80.6
IN,BARTHOLOMEW,18005,18,5,52.1
IN,BENTON,18007,18,7,7.8
IN,BLACKFORD,18009,18,9,25.4
IN,BOONE,18011,18,11,39.9
IN,BROWN,18013,18,13,17.2
IN,CARROLL,18015,18,15,7.0
IN,CASS,18017,18,17,18.8
IN,CLARK,18019,18,19,80.3
IN,CLAY,18021,18,21,20.6
IN,CLINTON,18023,18,23,14.3
IN,CRAWFORD,18025,18,25,10.2
IN,DAVIESS,18027,18,27,32.8
IN,DEARBORN,18029,18,29,73.7
IN,DECATUR,18031,18,31,42.8
IN,DE KALB,18033,18,33,19.1
IN,DELAWARE,18035,18,35,83.1
IN,DUBOIS,18037,18,37,61.3
IN,ELKHART,18039,18,39,41.2
IN,FAYETTE,18041,18,41,31.2
IN,FLOYD,18043,18,43,119.2
IN,FOUNTAIN,18045,18,45,18.6
IN,FRANKLIN,18047,18,47,25.6
IN,FULTON,18049,18,49,34.3
IN,GIBSON,18051,18,51,35.9
IN,GRANT,18053,18,53,34.8
IN,GREENE,18055,18,55,37.1
IN,HAMILTON,18057,18,57,41.5
IN,HANCOCK,18059,18,59,31.0
IN,HARRISON,18061,18,61,60.2
IN,HENDRICKS,18063,18,63,41.9
IN,HENRY,18065,18,65,46.3
IN,HOWARD,18067,18,67,70.3
IN,HUNTINGTON,18069,18,69,15.3
IN,JACKSON,18071,18,71,59.5
IN,JASPER,18073,18,73,71.7
IN,JAY,18075,18,75,15.9
IN,JEFFERSON,18077,18,77,61.9
IN,JENNINGS,18079,18,79,21.5
IN,JOHNSON,18081,18,81,67.0
IN,KNOX,18083,18,83,98.5
IN,KOSCIUSKO,18085,18,85,19.2
IN,LAGRANGE,18087,18,87,10.1
IN,LAKE,18089,18,89,62.0
IN,LA PORTE,18091,18,91,52.9
IN,LAWRENCE,18093,18,93,34.7
IN,MADISON,18095,18,95,60.0
IN,MARION,18097,18,97,67.2
IN,MARSHALL,18099,18,99,23.2
IN,MARTIN,18101,18,101,46.9
IN,MIAMI,18103,18,103,23.5
IN,MONROE,18105,18,105,61.5
IN,MONTGOMERY,18107,18,107,23.7
IN,MORGAN,18109,18,109,39.9
IN,NEWTON,18111,18,111,2.6
IN,NOBLE,18113,18,113,17.4
IN,OHIO,18115,18,115,53.3
IN,ORANGE,18117,18,117,27.7
IN,OWEN,18119,18,119,23.9
IN,PARKE,18121,18,121,38.5
IN,PERRY,18123,18,123,21.6
IN,PIKE,18125,18,125,38.8
IN,PORTER,18127,18,127,53.0
IN,POSEY,18129,18,129,49.5
IN,PULASKI,18131,18,131,31.7
IN,PUTNAM,18133,18,133,25.9
IN,RANDOLPH,18135,18,135,54.2
IN,RIPLEY,18137,18,137,35.3
IN,RUSH,18139,18,139,21.4
IN,SAINT JOSEPH,18141,18,141,67.1
IN,SCOTT,18143,18,143,147.1
IN,SHELBY,18145,18,145,26.1
IN,SPENCER,18147,18,147,17.5
IN,STARKE,18149,18,149,51.7
IN,STEUBEN,18151,18,151,28.8
IN,SULLIVAN,18153,18,153,52.2
IN,SWITZERLAND,18155,18,155,5.5
IN,TIPPECANOE,18157,18,157,56.2
IN,TIPTON,18159,18,159,25.9
IN,UNION,18161,18,161,26.5
IN,VANDERBURGH,18163,18,163,146.1
IN,VERMILLION,18165,18,165,15.6
IN,VIGO,18167,18,167,81.3
IN,WABASH,18169,18,169,22.7
IN,WARREN,18171,18,171,3.1
IN,WARRICK,18173,18,173,63.6
IN,WASHINGTON,18175,18,175,32.9
IN,WAYNE,18177,18,177,74.7
IN,WELLS,18179,18,179,40.0
IN,WHITE,18181,18,181,12.2
IN,WHITLEY,18183,18,183,21.2
IA,ADAIR,19001,19,1,13.8
IA,ADAMS,19003,19,3,16.2
IA,ALLAMAKEE,19005,19,5,27.5
IA,APPANOOSE,19007,19,7,40.1
IA,AUDUBON,19009,19,9,34.5
IA,BENTON,19011,19,11,16.8
IA,BLACK HAWK,19013,19,13,54.7
IA,BOONE,19015,19,15,25.6
IA,BREMER,19017,19,17,24.6
IA,BUCHANAN,19019,19,19,12.9
IA,BUENA VISTA,19021,19,21,28.1
IA,BUTLER,19023,19,23,11.1
IA,CALHOUN,19025,19,25,52.0
IA,CARROLL,19027,19,27,45.3
IA,CASS,19029,19,29,42.4
IA,CEDAR,19031,19,31,18.2
IA,CERRO GORDO,19033,19,33,69.5
IA,CHEROKEE,19035,19,35,21.5
IA,CHICKASAW,19037,19,37,6.0
IA,CLARKE,19039,19,39,17.6
IA,CLAY,19041,19,41,60.2
IA,CLAYTON,19043,19,43,11.2
IA,CLINTON,19045,19,45,36.6
IA,CRAWFORD,19047,19,47,28.5
IA,DALLAS,19049,19,49,10.7
IA,DAVIS,19051,19,51,35.9
IA,DECATUR,19053,19,53,49.7
IA,DELAWARE,19055,19,55,24.3
IA,DES MOINES,19057,19,57,47.3
IA,DICKINSON,19059,19,59,25.0
IA,DUBUQUE,19061,19,61,36.1
IA,EMMET,19063,19,63,27.2
IA,FAYETTE,19065,19,65,20.2
IA,FLOYD,19067,19,67,38.3
IA,FRANKLIN,19069,19,69,5.6
IA,FREMONT,19071,19,71,22.4
IA,GREENE,19073,19,73,43.3
IA,GRUNDY,19075,19,75,33.8
IA,GUTHRIE,19077,19,77,36.4
IA,HAMILTON,19079,19,79,49.8
IA,HANCOCK,19081,19,81,29.7
IA,HARDIN,19083,19,83,35.8
IA,HARRISON,19085,19,85,36.6
IA,HENRY,19087,19,87,30.8
IA,HOWARD,19089,19,89,10.3
IA,HUMBOLDT,19091,19,91,21.5
IA,IDA,19093,19,93,36.1
IA,IOWA,19095,19,95,22.2
IA,JACKSON,19097,19,97,13.8
IA,JASPER,19099,19,99,33.3
IA,JEFFERSON,19101,19,101,37.6
IA,JOHNSON,19103,19,103,67.9
IA,JONES,19105,19,105,17.3
IA,KEOKUK,19107,19,107,4.3
IA,KOSSUTH,19109,19,109,15.2
IA,LEE,19111,19,111,34.6
IA,LINN,19113,19,113,33.6
IA,LOUISA,19115,19,115,12.1
IA,LUCAS,19117,19,117,40.9
IA,LYON,19119,19,119,20.0
IA,MADISON,19121,19,121,28.0
IA,MAHASKA,19123,19,123,40.9
IA,MARION,19125,19,125,34.7
IA,MARSHALL,19127,19,127,33.1
IA,MILLS,19129,19,129,35.6
IA,MITCHELL,19131,19,131,18.7
IA,MONONA,19133,19,133,37.9
IA,MONROE,19135,19,135,84.1
IA,MONTGOMERY,19137,19,137,34.6
IA,MUSCATINE,19139,19,139,29.8
IA,OBRIEN,19141,19,141,41.2
IA,OSCEOLA,19143,19,143,12.8
IA,PAGE,19145,19,145,47.7
IA,PALO ALTO,19147,19,147,8.6
IA,PLYMOUTH,19149,19,149,19.4
IA,POCAHONTAS,19151,19,151,18.4
IA,POLK,19153,19,153,60.2
IA,POTTAWATTAMIE,19155,19,155,40.3
IA,POWESHIEK,19157,19,157,35.0
IA,RINGGOLD,19159,19,159,46.9
IA,SAC,19161,19,161,21.7
IA,SCOTT,19163,19,163,54.4
IA,SHELBY,19165,19,165,33.1
IA,SIOUX,19167,19,167,18.9
IA,STORY,19169,19,169,30.1
IA,TAMA,19171,19,171,23.5
IA,TAYLOR,19173,19,173,60.2
IA,UNION,19175,19,175,54.8
IA,VAN BUREN,19177,19,177,37.7
IA,WAPELLO,19179,19,179,37.7
IA,WARREN,19181,19,181,20.1
IA,WASHINGTON,19183,19,183,23.4
IA,WAYNE,19185,19,185,95.9
IA,WEBSTER,19187,19,187,50.6
IA,WINNEBAGO,19189,19,189,33.5
IA,WINNESHIEK,19191,19,191,21.9
IA,WOODBURY,19193,19,193,44.3
IA,WORTH,19195,19,195,1.5
IA,WRIGHT,19197,19,197,29.8
KS,ALLEN,20001,20,1,83.3
KS,ANDERSON,20003,20,3,7.9
KS,ATCHISON,20005,20,5,52.7
KS,BARBER,20007,20,7,24.1
KS,BARTON,20009,20,9,62.2
KS,BOURBON,20011,20,11,62.6
KS,BROWN,20013,20,13,73.5
KS,BUTLER,20015,20,15,61.7
KS,CHASE,20017,20,17,13.6
KS,CHAUTAUQUA,20019,20,19,38.0
KS,CHEROKEE,20021,20,21,35.8
KS,CHEYENNE,20023,20,23,150.1
KS,CLARK,20025,20,25,55.2
KS,CLAY,20027,20,27,67.0
KS,CLOUD,20029,20,29,12.3
KS,COFFEY,20031,20,31,85.1
KS,COMANCHE,20033,20,33,9.5
KS,COWLEY,20035,20,35,57.8
KS,CRAWFORD,20037,20,37,71.7
KS,DECATUR,20039,20,39,29.9
KS,DICKINSON,20041,20,41,48.7
KS,DONIPHAN,20043,20,43,2.8
KS,DOUGLAS,20045,20,45,41.9
KS,EDWARDS,20047,20,47,54.6
KS,ELK,20049,20,49,1.6
KS,ELLIS,20051,20,51,56.5
KS,ELLSWORTH,20053,20,53,59.5
KS,FINNEY,20055,20,55,30.4
KS,FORD,20057,20,57,69.7
KS,FRANKLIN,20059,20,59,40.9
KS,GEARY,20061,20,61,38.9
KS,GOVE,20063,20,63,24.1
KS,GRAHAM,20065,20,65,13.9
KS,GRANT,20067,20,67,23.3
KS,GRAY,20069,20,69,22.7
KS,GREELEY,20071,20,71,117.6
KS,GREENWOOD,20073,20,73,15.2
KS,HAMILTON,20075,20,75,6.0
KS,HARPER,20077,20,77,38.7
KS,HARVEY,20079,20,79,72.8
KS,HASKELL,20081,20,81,18.0
KS,HODGEMAN,20083,20,83,23.5
KS,JACKSON,20085,20,85,25.3
KS,JEFFERSON,20087,20,87,13.0
KS,JEWELL,20089,20,89,0.2
KS,JOHNSON,20091,20,91,55.9
KS,KEARNY,20093,20,93,70.4
KS,KINGMAN,20095,20,95,24.7
KS,KIOWA,20097,20,97,74.4
KS,LABETTE,20099,20,99,63.8
KS,LANE,20101,20,101,38.5
KS,LEAVENWORTH,20103,20,103,27.4
KS,LINCOLN,20105,20,105,6.3
KS,LINN,20107,20,107,9.8
KS,LOGAN,20109,20,109,44.1
KS,LYON,20111,20,111,39.7
KS,MCPHERSON,20113,20,113,34.5
KS,MARION,20115,20,115,8.5
KS,MARSHALL,20117,20,117,32.5
KS,MEADE,20119,20,119,26.5
KS,MIAMI,20121,20,121,23.3
KS,MITCHELL,20123,20,123,66.5
KS,MONTGOMERY,20125,20,125,42.6
KS,MORRIS,20127,20,127,11.3
KS,MORTON,20129,20,129,102.8
KS,NEMAHA,20131,20,131,14.5
KS,NEOSHO,20133,20,133,81.4
KS,NESS,20135,20,135,52.7
KS,NORTON,20137,20,137,70.1
KS,OSAGE,20139,20,139,17.4
KS,OSBORNE,20141,20,141,61.3
KS,OTTAWA,20143,20,143,14.1
KS,PAWNEE,20145,20,145,19.0
KS,PHILLIPS,20147,20,147,49.8
KS,POTTAWATOMIE,20149,20,149,10.3
KS,PRATT,20151,20,151,96.3
KS,RAWLINS,20153,20,153,38.9
KS,RENO,20155,20,155,71.6
KS,REPUBLIC,20157,20,157,13.9
KS,RICE,20159,20,159,12.3
KS,RILEY,20161,20,161,40.6
KS,ROOKS,20163,20,163,54.4
KS,RUSH,20165,20,165,42.6
KS,RUSSELL,20167,20,167,84.6
KS,SALINE,20169,20,169,94.3
KS,SCOTT,20171,20,171,77.3
KS,SEDGWICK,20173,20,173,88.6
KS,SEWARD,20175,20,175,54.8
KS,SHAWNEE,20177,20,177,55.6
KS,SHERIDAN,20179,20,179,19.0
KS,SHERMAN,20181,20,181,33.3
KS,SMITH,20183,20,183,89.7
KS,STAFFORD,20185,20,185,21.6
KS,STANTON,20187,20,187,105.8
KS,STEVENS,20189,20,189,11.5
KS,SUMNER,20191,20,191,48.7
KS,THOMAS,20193,20,193,55.9
KS,TREGO,20195,20,195,117.2
KS,WABAUNSEE,20197,20,197,5.7
KS,WALLACE,20199,20,199,3.1
KS,WASHINGTON,20201,20,201,47.0
KS,WICHITA,20203,20,203,12.2
KS,WILSON,20205,20,205,109.1
KS,WOODSON,20207,20,207,11.3
KS,WYANDOTTE,20209,20,209,98.1
KY,ADAIR,21001,21,1,51.0
KY,ALLEN,21003,21,3,33.5
KY,ANDERSON,21005,21,5,23.1
KY,BALLARD,21007,21,7,4.2
KY,BARREN,21009,21,9,78.3
KY,BATH,21011,21,11,6.1
KY,BELL,21013,21,13,140.0
KY,BOONE,21015,21,15,40.4
KY,BOURBON,21017,21,17,34.3
KY,BOYD,21019,21,19,93.7
KY,BOYLE,21021,21,21,94.4
KY,BRACKEN,21023,21,23,27.6
KY,BREATHITT,21025,21,25,64.3
KY,BRECKINRIDGE,21027,21,27,23.3
KY,BULLITT,21029,21,29,16.5
KY,BUTLER,21031,21,31,26.6
KY,CALDWELL,21033,21,33,35.1
KY,CALLOWAY,21035,21,35,50.0
KY,CAMPBELL,21037,21,37,38.5
KY,CARLISLE,21039,21,39,77.6
KY,CARROLL,21041,21,41,44.1
KY,CARTER,21043,21,43,25.8
KY,CASEY,21045,21,45,30.3
KY,CHRISTIAN,21047,21,47,33.6
KY,CLARK,21049,21,49,188.1
KY,CLAY,21051,21,51,138.3
KY,CLINTON,21053,21,53,62.0
KY,CRITTENDEN,21055,21,55,58.1
KY,CUMBERLAND,21057,21,57,64.8
KY,DAVIESS,21059,21,59,73.3
KY,EDMONSON,21061,21,61,14.9
KY,ELLIOTT,21063,21,63,4.2
KY,ESTILL,21065,21,65,39.1
KY,FAYETTE,21067,21,67,115.3
KY,FLEMING,21069,21,69,38.2
KY,FLOYD,21071,21,71,133.4
KY,FRANKLIN,21073,21,73,48.7
KY,FULTON,21075,21,75,19.2
KY,GALLATIN,21077,21,77,75.3
KY,GARRARD,21079,21,79,26.9
KY,GRANT,21081,21,81,18.4
KY,GRAVES,21083,21,83,28.7
KY,GRAYSON,21085,21,85,53.8
KY,GREEN,21087,21,87,24.7
KY,GREENUP,21089,21,89,29.6
KY,HANCOCK,21091,21,91,2.6
KY,HARDIN,21093,21,93,67.1
KY,HARLAN,21095,21,95,63.2
KY,HARRISON,21097,21,97,49.6
KY,HART,21099,21,99,12.3
KY,HENDERSON,21101,21,101,63.6
KY,HENRY,21103,21,103,25.6
KY,HICKMAN,21105,21,105,48.3
KY,HOPKINS,21107,21,107,89.7
KY,JACKSON,21109,21,109,5.9
KY,JEFFERSON,21111,21,111,86.5
KY,JESSAMINE,21113,21,113,34.3
KY,JOHNSON,21115,21,115,109.8
KY,KENTON,21117,21,117,79.4
KY,KNOTT,21119,21,119,45.9
KY,KNOX,21121,21,121,61.2
KY,LARUE,21123,21,123,25.4
KY,LAUREL,21125,21,125,88.9
KY,LAWRENCE,21127,21,127,44.5
KY,LEE,21129,21,129,85.4
KY,LESLIE,21131,21,131,36.0
KY,LETCHER,21133,21,133,33.8
KY,LEWIS,21135,21,135,17.3
KY,LINCOLN,21137,21,137,9.7
KY,LIVINGSTON,21139,21,139,31.3
KY,LOGAN,21141,21,141,21.6
KY,LYON,21143,21,143,47.9
KY,MCCRACKEN,21145,21,145,244.4
KY,MCCREARY,21147,21,147,26.6
KY,MCLEAN,21149,21,149,9.9
KY,MADISON,21151,21,151,29.7
KY,MAGOFFIN,21153,21,153,68.3
KY,MARION,21155,21,155,40.5
KY,MARSHALL,21157,21,157,37.1
KY,MARTIN,21159,21,159,76.4
KY,MASON,21161,21,161,50.4
KY,MEADE,21163,21,163,7.1
KY,MENIFEE,21165,21,165,14.1
KY,MERCER,21167,21,167,19.4
KY,METCALFE,21169,21,169,16.6
KY,MONROE,21171,21,171,36.5
KY,MONTGOMERY,21173,21,173,64.2
KY,MORGAN,21175,21,175,50.0
KY,MUHLENBERG,21177,21,177,40.7
KY,NELSON,21179,21,179,39.6
KY,NICHOLAS,21181,21,181,1.2
KY,OHIO,21183,21,183,82.2
KY,OLDHAM,21185,21,185,17.6
KY,OWEN,21187,21,187,10.3
KY,OWSLEY,21189,21,189,192.2
KY,PENDLETON,21191,21,191,23.3
KY,PERRY,21193,21,193,316.5
KY,PIKE,21195,21,195,119.9
KY,POWELL,21197,21,197,59.2
KY,PULASKI,21199,21,199,53.2
KY,ROCKCASTLE,21203,21,203,48.0
KY,ROWAN,21205,21,205,57.6
KY,RUSSELL,21207,21,207,40.9
KY,SCOTT,21209,21,209,37.0
KY,SHELBY,21211,21,211,25.5
KY,SIMPSON,21213,21,213,24.5
KY,SPENCER,21215,21,215,7.1
KY,TAYLOR,21217,21,217,47.2
KY,TODD,21219,21,219,6.2
KY,TRIGG,21221,21,221,13.9
KY,TRIMBLE,21223,21,223,36.2
KY,UNION,21225,21,225,39.2
KY,WARREN,21227,21,227,88.0
KY,WASHINGTON,21229,21,229,13.7
KY,WAYNE,21231,21,231,102.9
KY,WEBSTER,21233,21,233,44.4
KY,WHITLEY,21235,21,235,132.8
KY,WOLFE,21237,21,237,76.6
KY,WOODFORD,21239,21,239,31.3
LA,ACADIA,22001,22,1,28.4
LA,ALLEN,22003,22,3,34.7
LA,ASCENSION,22005,22,5,33.5
LA,ASSUMPTION,22007,22,7,20.7
LA,AVOYELLES,22009,22,9,34.7
LA,BEAUREGARD,22011,22,11,29.5
LA,BIENVILLE,22013,22,13,13.0
LA,BOSSIER,22015,22,15,57.4
LA,CADDO,22017,22,17,134.5
LA,CALCASIEU,22019,22,19,59.4
LA,CALDWELL,22021,22,21,37.2
LA,CAMERON,22023,22,23,3.3
LA,CATAHOULA,22025,22,25,12.7
LA,CLAIBORNE,22027,22,27,69.1
LA,CONCORDIA,22029,22,29,32.8
LA,DE SOTO,22031,22,31,18.3
LA,EAST BATON ROUGE,22033,22,33,98.2
LA,EAST CARROLL,22035,22,35,70.9
LA,EAST FELICIANA,22037,22,37,23.7
LA,EVANGELINE,22039,22,39,103.1
LA,FRANKLIN,22041,22,41,62.9
LA,GRANT,22043,22,43,5.3
LA,IBERIA,22045,22,45,84.4
LA,IBERVILLE,22047,22,47,9.3
LA,JACKSON,22049,22,49,20.2
LA,JEFFERSON,22051,22,51,88.6
LA,JEFFERSON DAVIS,22053,22,53,47.4
LA,LAFAYETTE,22055,22,55,88.2
LA,LAFOURCHE,22057,22,57,46.0
LA,LA SALLE,22059,22,59,65.7
LA,LINCOLN,22061,22,61,52.7
LA,LIVINGSTON,22063,22,63,17.1
LA,MADISON,22065,22,65,4.5
LA,MOREHOUSE,22067,22,67,42.9
LA,NATCHITOCHES,22069,22,69,30.3
LA,ORLEANS,22071,22,71,87.6
LA,OUACHITA,22073,22,73,93.9
LA,PLAQUEMINES,22075,22,75,14.7
LA,POINTE COUPEE,22077,22,77,28.6
LA,RAPIDES,22079,22,79,117.4
LA,RED RIVER,22081,22,81,44.8
LA,RICHLAND,22083,22,83,85.4
LA,SABINE,22085,22,85,30.1
LA,SAINT BERNARD,22087,22,87,21.6
LA,SAINT CHARLES,22089,22,89,12.0
LA,SAINT HELENA,22091,22,91,29.0
LA,SAINT JAMES,22093,22,93,53.4
LA,ST JOHN THE BAPTIST,22095,22,95,65.3
LA,SAINT LANDRY,22097,22,97,72.9
LA,SAINT MARTIN,22099,22,99,14.9
LA,SAINT MARY,22101,22,101,30.8
LA,SAINT TAMMANY,22103,22,103,77.7
LA,TANGIPAHOA,22105,22,105,38.8
LA,TENSAS,22107,22,107,24.4
LA,TERREBONNE,22109,22,109,66.1
LA,UNION,22111,22,111,35.9
LA,VERMILION,22113,22,113,23.0
LA,VERNON,22115,22,115,44.5
LA,WASHINGTON,22117,22,117,42.3
LA,WEBSTER,22119,22,119,40.6
LA,WEST BATON ROUGE,22121,22,121,16.7
LA,WEST CARROLL,22123,22,123,17.7
LA,WEST FELICIANA,22125,22,125,13.2
LA,WINN,22127,22,127,37.1
ME,ANDROSCOGGIN,23001,23,1,49.6
ME,AROOSTOOK,23003,23,3,49.6
ME,CUMBERLAND,23005,23,5,45.3
ME,FRANKLIN,23007,23,7,28.5
ME,HANCOCK,23009,23,9,36.3
ME,KENNEBEC,23011,23,11,60.9
ME,KNOX,23013,23,13,34.1
ME,LINCOLN,23015,23,15,37.1
ME,OXFORD,23017,23,17,26.6
ME,PENOBSCOT,23019,23,19,42.9
ME,PISCATAQUIS,23021,23,21,20.0
ME,SAGADAHOC,23023,23,23,31.4
ME,SOMERSET,23025,23,25,30.0
ME,WALDO,23027,23,27,30.1
ME,WASHINGTON,23029,23,29,27.5
ME,YORK,23031,23,31,29.1
MD,ALLEGANY,24001,24,1,91.0
MD,ANNE ARUNDEL,24003,24,3,44.0
MD,BALTIMORE,24005,24,5,41.8
MD,CALVERT,24009,24,9,45.4
MD,CAROLINE,24011,24,11,40.2
MD,CARROLL,24013,24,13,31.7
MD,CECIL,24015,24,15,16.4
MD,CHARLES,24017,24,17,36.9
MD,DORCHESTER,24019,24,19,26.0
MD,FREDERICK,24021,24,21,56.6
MD,GARRETT,24023,24,23,40.0
MD,HARFORD,24025,24,25,35.1
MD,HOWARD,24027,24,27,26.4
MD,KENT,24029,24,29,69.8
MD,MONTGOMERY,24031,24,31,25.0
MD,PRINCE GEORGE'S,24033,24,33,24.8
MD,QUEEN ANNE'S,24035,24,35,33.8
MD,SAINT MARYS,24037,24,37,21.5
MD,SOMERSET,24039,24,39,6.8
MD,TALBOT,24041,24,41,91.0
MD,WASHINGTON,24043,24,43,86.0
MD,WICOMICO,24045,24,45,65.3
MD,WORCESTER,24047,24,47,26.7
MD,BALTIMORE CITY,24510,24,510,68.6
MA,BARNSTABLE,25001,25,1,32.1
MA,BERKSHIRE,25003,25,3,36.6
MA,BRISTOL,25005,25,5,41.8
MA,DUKES,25007,25,7,21.4
MA,ESSEX,25009,25,9,27.0
MA,FRANKLIN,25011,25,11,26.4
MA,HAMPDEN,25013,25,13,44.1
MA,HAMPSHIRE,25015,25,15,33.7
MA,MIDDLESEX,25017,25,17,22.6
MA,NANTUCKET,25019,25,19,24.2
MA,NORFOLK,25021,25,21,24.7
MA,PLYMOUTH,25023,25,23,25.2
MA,SUFFOLK,25025,25,25,62.9
MA,WORCESTER,25027,25,27,33.1
MI,ALCONA,26001,26,1,24.6
MI,ALGER,26003,26,3,15.4
MI,ALLEGAN,26005,26,5,13.5
MI,ALPENA,26007,26,7,52.4
MI,ANTRIM,26009,26,9,46.4
MI,ARENAC,26011,26,11,26.1
MI,BARAGA,26013,26,13,36.3
MI,BARRY,26015,26,15,23.0
MI,BAY,26017,26,17,66.6
MI,BENZIE,26019,26,19,41.0
MI,BERRIEN,26021,26,21,42.7
MI,BRANCH,26023,26,23,30.4
MI,CALHOUN,26025,26,25,63.6
MI,CASS,26027,26,27,11.2
MI,CHARLEVOIX,26029,26,29,35.1
MI,CHEBOYGAN,26031,26,31,51.6
MI,CHIPPEWA,26033,26,33,33.2
MI,CLARE,26035,26,35,42.1
MI,CLINTON,26037,26,37,24.2
MI,CRAWFORD,26039,26,39,75.8
MI,DELTA,26041,26,41,58.3
MI,DICKINSON,26043,26,43,43.1
MI,EATON,26045,26,45,30.3
MI,EMMET,26047,26,47,105.3
MI,GENESEE,26049,26,49,73.2
MI,GLADWIN,26051,26,51,30.6
MI,GOGEBIC,26053,26,53,47.1
MI,GRAND TRAVERSE,26055,26,55,81.3
MI,GRATIOT,26057,26,57,32.3
MI,HILLSDALE,26059,26,59,31.2
MI,HOUGHTON,26061,26,61,31.5
MI,HURON,26063,26,63,33.4
MI,INGHAM,26065,26,65,73.4
MI,IONIA,26067,26,67,33.3
MI,IOSCO,26069,26,69,53.9
MI,IRON,26071,26,71,39.5
MI,ISABELLA,26073,26,73,31.7
MI,JACKSON,26075,26,75,40.2
MI,KALAMAZOO,26077,26,77,64.7
MI,KALKASKA,26079,26,79,39.9
MI,KENT,26081,26,81,59.6
MI,LAKE,26085,26,85,6.7
MI,LAPEER,26087,26,87,31.1
MI,LEELANAU,26089,26,89,6.1
MI,LENAWEE,26091,26,91,38.9
MI,LIVINGSTON,26093,26,93,25.4
MI,LUCE,26095,26,95,41.9
MI,MACKINAC,26097,26,97,42.6
MI,MACOMB,26099,26,99,54.0
MI,MANISTEE,26101,26,101,58.6
MI,MARQUETTE,26103,26,103,57.4
MI,MASON,26105,26,105,48.6
MI,MECOSTA,26107,26,107,73.2
MI,MENOMINEE,26109,26,109,15.4
MI,MIDLAND,26111,26,111,50.6
MI,MISSAUKEE,26113,26,113,6.2
MI,MONROE,26115,26,115,37.2
MI,MONTCALM,26117,26,117,47.7
MI,MONTMORENCY,26119,26,119,17.4
MI,MUSKEGON,26121,26,121,66.5
MI,NEWAYGO,26123,26,123,35.0
MI,OAKLAND,26125,26,125,69.7
MI,OCEANA,26127,26,127,42.4
MI,OGEMAW,26129,26,129,78.2
MI,ONTONAGON,26131,26,131,49.5
MI,OSCEOLA,26133,26,133,19.8
MI,OSCODA,26135,26,135,8.2
MI,OTSEGO,26137,26,137,111.5
MI,OTTAWA,26139,26,139,28.0
MI,PRESQUE ISLE,26141,26,141,20.1
MI,ROSCOMMON,26143,26,143,41.7
MI,SAGINAW,26145,26,145,80.2
MI,SAINT CLAIR,26147,26,147,56.3
MI,SAINT JOSEPH,26149,26,149,33.2
MI,SANILAC,26151,26,151,17.7
MI,SCHOOLCRAFT,26153,26,153,45.6
MI,SHIAWASSEE,26155,26,155,33.7
MI,TUSCOLA,26157,26,157,41.8
MI,VAN BUREN,26159,26,159,35.7
MI,WASHTENAW,26161,26,161,70.2
MI,WAYNE,26163,26,163,55.7
MI,WEXFORD,26165,26,165,62.9
MN,AITKIN,27001,27,1,44.5
MN,ANOKA,27003,27,3,20.3
MN,BECKER,27005,27,5,21.2
MN,BELTRAMI,27007,27,7,29.5
MN,BENTON,27009,27,9,2.3
MN,BIG STONE,27011,27,11,45.0
MN,BLUE EARTH,27013,27,13,45.8
MN,BROWN,27015,27,15,29.3
MN,CARLTON,27017,27,17,26.5
MN,CARVER,27019,27,19,23.9
MN,CASS,27021,27,21,8.4
MN,CHIPPEWA,27023,27,23,21.6
MN,CHISAGO,27025,27,25,15.0
MN,CLAY,27027,27,27,10.0
MN,CLEARWATER,27029,27,29,57.4
MN,COOK,27031,27,31,6.7
MN,COTTONWOOD,27033,27,33,20.2
MN,CROW WING,27035,27,35,33.3
MN,DAKOTA,27037,27,37,18.4
MN,DODGE,27039,27,39,2.4
MN,DOUGLAS,27041,27,41,37.6
MN,FARIBAULT,27043,27,43,25.6
MN,FILLMORE,27045,27,45,17.9
MN,FREEBORN,27047,27,47,17.9
MN,GOODHUE,27049,27,49,20.2
MN,GRANT,27051,27,51,24.2
MN,HENNEPIN,27053,27,53,38.0
MN,HOUSTON,27055,27,55,11.4
MN,HUBBARD,27057,27,57,29.5
MN,ISANTI,27059,27,59,23.2
MN,ITASCA,27061,27,61,30.3
MN,JACKSON,27063,27,63,14.9
MN,KANABEC,27065,27,65,32.3
MN,KANDIYOHI,27067,27,67,29.1
MN,KITTSON,27069,27,69,13.7
MN,KOOCHICHING,27071,27,71,36.5
MN,LAC QUI PARLE,27073,27,73,42.5
MN,LAKE,27075,27,75,13.2
MN,LAKE OF THE WOODS,27077,27,77,4.7
MN,LE SUEUR,27079,27,79,2.0
MN,LINCOLN,27081,27,81,51.8
MN,LYON,27083,27,83,25.0
MN,MCLEOD,27085,27,85,23.3
MN,MAHNOMEN,27087,27,87,5.0
MN,MARSHALL,27089,27,89,9.1
MN,MARTIN,27091,27,91,51.1
MN,MEEKER,27093,27,93,7.5
MN,MILLE LACS,27095,27,95,30.2
MN,MORRISON,27097,27,97,35.7
MN,MOWER,27099,27,99,14.6
MN,MURRAY,27101,27,101,20.6
MN,NICOLLET,27103,27,103,15.6
MN,NOBLES,27105,27,105,18.2
MN,NORMAN,27107,27,107,9.8
MN,OLMSTED,27109,27,109,84.3
MN,OTTER TAIL,27111,27,111,23.7
MN,PENNINGTON,27113,27,113,35.8
MN,PINE,27115,27,115,25.1
MN,PIPESTONE,27117,27,117,36.7
MN,POLK,27119,27,119,28.8
MN,POPE,27121,27,121,39.9
MN,RAMSEY,27123,27,123,40.0
MN,RED LAKE,27125,27,125,3.2
MN,REDWOOD,27127,27,127,14.9
MN,RENVILLE,27129,27,129,61.0
MN,RICE,27131,27,131,19.5
MN,ROCK,27133,27,133,30.9
MN,ROSEAU,27135,27,135,39.3
MN,SAINT LOUIS,27137,27,137,47.7
MN,SCOTT,27139,27,139,8.8
MN,SHERBURNE,27141,27,141,11.7
MN,SIBLEY,27143,27,143,11.5
MN,STEARNS,27145,27,145,39.2
MN,STEELE,27147,27,147,21.7
MN,STEVENS,27149,27,149,28.3
MN,SWIFT,27151,27,151,37.7
MN,TODD,27153,27,153,7.5
MN,TRAVERSE,27155,27,155,10.0
MN,WABASHA,27157,27,157,9.6
MN,WADENA,27159,27,159,84.0
MN,WASECA,27161,27,161,16.4
MN,WASHINGTON,27163,27,163,25.4
MN,WATONWAN,27165,27,165,41.0
MN,WILKIN,27167,27,167,6.1
MN,WINONA,27169,27,169,18.2
MN,WRIGHT,27171,27,171,15.4
MN,YELLOW MEDICINE,27173,27,173,38.1
MS,ADAMS,28001,28,1,91.0
MS,ALCORN,28003,28,3,109.9
MS,AMITE,28005,28,5,10.9
MS,ATTALA,28007,28,7,34.7
MS,BENTON,28009,28,9,9.7
MS,BOLIVAR,28011,28,11,35.5
MS,CALHOUN,28013,28,13,45.9
MS,CARROLL,28015,28,15,10.6
MS,CHICKASAW,28017,28,17,24.4
MS,CHOCTAW,28019,28,19,19.4
MS,CLAIBORNE,28021,28,21,18.7
MS,CLARKE,28023,28,23,20.1
MS,CLAY,28025,28,25,30.1
MS,COAHOMA,28027,28,27,33.4
MS,COPIAH,28029,28,29,51.4
MS,COVINGTON,28031,28,31,38.0
MS,DESOTO,28033,28,33,62.0
MS,FORREST,28035,28,35,193.8
MS,FRANKLIN,28037,28,37,4.6
MS,GEORGE,28039,28,39,44.4
MS,GREENE,28041,28,41,14.3
MS,GRENADA,28043,28,43,63.2
MS,HANCOCK,28045,28,45,33.9
MS,HARRISON,28047,28,47,83.6
MS,HINDS,28049,28,49,108.6
MS,HOLMES,28051,28,51,22.7
MS,HUMPHREYS,28053,28,53,17.7
MS,ITAWAMBA,28057,28,57,26.6
MS,JACKSON,28059,28,59,66.2
MS,JASPER,28061,28,61,3.3
MS,JEFFERSON,28063,28,63,2.7
MS,JEFFERSON DAVIS,28065,28,65,23.7
MS,JONES,28067,28,67,104.2
MS,KEMPER,28069,28,69,3.6
MS,LAFAYETTE,28071,28,71,72.3
MS,LAMAR,28073,28,73,13.8
MS,LAUDERDALE,28075,28,75,157.7
MS,LAWRENCE,28077,28,77,44.3
MS,LEAKE,28079,28,79,46.2
MS,LEE,28081,28,81,117.0
MS,LEFLORE,28083,28,83,108.2
MS,LINCOLN,28085,28,85,79.3
MS,LOWNDES,28087,28,87,56.2
MS,MADISON,28089,28,89,49.2
MS,MARION,28091,28,91,56.9
MS,MARSHALL,28093,28,93,23.4
MS,MONROE,28095,28,95,39.3
MS,MONTGOMERY,28097,28,97,18.6
MS,NESHOBA,28099,28,99,24.3
MS,NEWTON,28101,28,101,15.3
MS,NOXUBEE,28103,28,103,14.1
MS,OKTIBBEHA,28105,28,105,69.5
MS,PANOLA,28107,28,107,23.2
MS,PEARL RIVER,28109,28,109,32.9
MS,PERRY,28111,28,111,35.8
MS,PIKE,28113,28,113,53.9
MS,PONTOTOC,28115,28,115,26.8
MS,PRENTISS,28117,28,117,38.8
MS,QUITMAN,28119,28,119,8.5
MS,RANKIN,28121,28,121,63.3
MS,SCOTT,28123,28,123,23.7
MS,SHARKEY,28125,28,125,5.7
MS,SIMPSON,28127,28,127,29.7
MS,SMITH,28129,28,129,4.1
MS,STONE,28131,28,131,60.2
MS,SUNFLOWER,28133,28,133,28.7
MS,TALLAHATCHIE,28135,28,135,18.9
MS,TATE,28137,28,137,39.2
MS,TIPPAH,28139,28,139,19.3
MS,TISHOMINGO,28141,28,141,56.3
MS,TUNICA,28143,28,143,9.8
MS,UNION,28145,28,145,70.3
MS,WALTHALL,28147,28,147,20.4
MS,WARREN,28149,28,149,78.9
MS,WASHINGTON,28151,28,151,69.0
MS,WAYNE,28153,28,153,33.1
MS,WEBSTER,28155,28,155,104.8
MS,WILKINSON,28157,28,157,39.1
MS,WINSTON,28159,28,159,28.8
MS,YALOBUSHA,28161,28,161,10.5
MS,YAZOO,28163,28,163,10.5
MO,ADAIR,29001,29,1,85.3
MO,ANDREW,29003,29,3,2.5
MO,ATCHISON,29005,29,5,62.5
MO,AUDRAIN,29007,29,7,26.4
MO,BARRY,29009,29,9,53.2
MO,BARTON,29011,29,11,35.1
MO,BATES,29013,29,13,28.8
MO,BENTON,29015,29,15,32.3
MO,BOLLINGER,29017,29,17,17.6
MO,BOONE,29019,29,19,80.3
MO,BUCHANAN,29021,29,21,54.4
MO,BUTLER,29023,29,23,125.4
MO,CALDWELL,29025,29,25,6.6
MO,CALLAWAY,29027,29,27,18.9
MO,CAMDEN,29029,29,29,49.7
MO,CAPE GIRARDEAU,29031,29,31,102.8
MO,CARROLL,29033,29,33,49.8
MO,CARTER,29035,29,35,15.6
MO,CASS,29037,29,37,41.6
MO,CEDAR,29039,29,39,63.2
MO,CHARITON,29041,29,41,6.5
MO,CHRISTIAN,29043,29,43,45.4
MO,CLARK,29045,29,45,39.2
MO,CLAY,29047,29,47,51.9
MO,CLINTON,29049,29,49,27.6
MO,COLE,29051,29,51,68.2
MO,COOPER,29053,29,53,14.7
MO,CRAWFORD,29055,29,55,5.2
MO,DADE,29057,29,57,57.9
MO,DALLAS,29059,29,59,16.1
MO,DAVIESS,29061,29,61,39.1
MO,DEKALB,29063,29,63,4.1
MO,DENT,29065,29,65,54.9
MO,DOUGLAS,29067,29,67,8.2
MO,DUNKLIN,29069,29,69,74.1
MO,FRANKLIN,29071,29,71,48.3
MO,GASCONADE,29073,29,73,30.9
MO,GENTRY,29075,29,75,32.1
MO,GREENE,29077,29,77,83.0
MO,GRUNDY,29079,29,79,34.8
MO,HARRISON,29081,29,81,35.7
MO,HENRY,29083,29,83,68.7
MO,HICKORY,29085,29,85,16.9
MO,HOLT,29087,29,87,1.8
MO,HOWARD,29089,29,89,59.3
MO,HOWELL,29091,29,91,93.7
MO,IRON,29093,29,93,9.2
MO,JACKSON,29095,29,95,58.4
MO,JASPER,29097,29,97,95.8
MO,JEFFERSON,29099,29,99,32.1
MO,JOHNSON,29101,29,101,31.5
MO,KNOX,29103,29,103,1.1
MO,LACLEDE,29105,29,105,36.4
MO,LAFAYETTE,29107,29,107,29.4
MO,LAWRENCE,29109,29,109,35.7
MO,LEWIS,29111,29,111,55.0
MO,LINCOLN,29113,29,113,27.4
MO,LINN,29115,29,115,18.0
MO,LIVINGSTON,29117,29,117,21.1
MO,MCDONALD,29119,29,119,8.2
MO,MACON,29121,29,121,31.2
MO,MADISON,29123,29,123,38.8
MO,MARIES,29125,29,125,5.2
MO,MARION,29127,29,127,83.6
MO,MERCER,29129,29,129,21.7
MO,MILLER,29131,29,131,19.8
MO,MISSISSIPPI,29133,29,133,64.3
MO,MONITEAU,29135,29,135,10.2
MO,MONROE,29137,29,137,7.8
MO,MONTGOMERY,29139,29,139,33.4
MO,MORGAN,29141,29,141,6.3
MO,NEW MADRID,29143,29,143,4.4
MO,NEWTON,29145,29,145,17.8
MO,NODAWAY,29147,29,147,37.8
MO,OREGON,29149,29,149,7.6
MO,OSAGE,29151,29,151,19.7
MO,OZARK,29153,29,153,13.7
MO,PEMISCOT,29155,29,155,32.4
MO,PERRY,29157,29,157,7.0
MO,PETTIS,29159,29,159,35.0
MO,PHELPS,29161,29,161,76.9
MO,PIKE,29163,29,163,40.2
MO,PLATTE,29165,29,165,37.1
MO,POLK,29167,29,167,60.6
MO,PULASKI,29169,29,169,31.8
MO,PUTNAM,29171,29,171,9.8
MO,RALLS,29173,29,173,11.9
MO,RANDOLPH,29175,29,175,32.0
MO,RAY,29177,29,177,36.0
MO,REYNOLDS,29179,29,179,1.9
MO,RIPLEY,29181,29,181,39.5
MO,SAINT CHARLES,29183,29,183,33.3
MO,SAINT CLAIR,29185,29,185,34.0
MO,SAINTE GENEVIEVE,29186,29,186,15.2
MO,SAINT FRANCOIS,29187,29,187,99.5
MO,SAINT LOUIS,29189,29,189,68.8
MO,SALINE,29195,29,195,42.0
MO,SCHUYLER,29197,29,197,2.7
MO,SCOTLAND,29199,29,199,40.8
MO,SCOTT,29201,29,201,70.6
MO,SHANNON,29203,29,203,4.0
MO,SHELBY,29205,29,205,5.3
MO,STODDARD,29207,29,207,38.0
MO,STONE,29209,29,209,28.7
MO,SULLIVAN,29211,29,211,63.2
MO,TANEY,29213,29,213,68.8
MO,TEXAS,29215,29,215,26.6
MO,VERNON,29217,29,217,33.8
MO,WARREN,29219,29,219,8.6
MO,WASHINGTON,29221,29,221,11.1
MO,WAYNE,29223,29,223,0.9
MO,WEBSTER,29225,29,225,45.8
MO,WRIGHT,29229,29,229,65.3
MO,SAINT LOUIS CITY,29510,29,510,80.7
MT,BEAVERHEAD,30001,30,1,34.1
MT,BIG HORN,30003,30,3,9.0
MT,BLAINE,30005,30,5,11.9
MT,BROADWATER,30007,30,7,13.1
MT,CARBON,30009,30,9,13.0
MT,CARTER,30011,30,11,0.3
MT,CASCADE,30013,30,13,56.8
MT,CHOUTEAU,30015,30,15,15.4
MT,CUSTER,30017,30,17,77.7
MT,DANIELS,30019,30,19,0.3
MT,DAWSON,30021,30,21,29.4
MT,DEER LODGE,30023,30,23,52.7
MT,FALLON,30025,30,25,5.3
MT,FERGUS,30027,30,27,32.6
MT,FLATHEAD,30029,30,29,66.1
MT,GALLATIN,30031,30,31,29.2
MT,GARFIELD,30033,30,33,9.6
MT,GLACIER,30035,30,35,17.3
MT,GRANITE,30039,30,39,18.5
MT,HILL,30041,30,41,30.2
MT,JEFFERSON,30043,30,43,15.3
MT,JUDITH BASIN,30045,30,45,1.2
MT,LAKE,30047,30,47,39.5
MT,LEWIS AND CLARK,30049,30,49,44.7
MT,LIBERTY,30051,30,51,10.1
MT,LINCOLN,30053,30,53,56.1
MT,MCCONE,30055,30,55,23.3
MT,MADISON,30057,30,57,9.4
MT,MEAGHER,30059,30,59,34.4
MT,MINERAL,30061,30,61,25.0
MT,MISSOULA,30063,30,63,59.2
MT,MUSSELSHELL,30065,30,65,25.9
MT,PARK,30067,30,67,28.0
MT,PHILLIPS,30071,30,71,41.3
MT,PONDERA,30073,30,73,43.1
MT,POWDER RIVER,30075,30,75,1.4
MT,POWELL,30077,30,77,55.7
MT,PRAIRIE,30079,30,79,18.6
MT,RAVALLI,30081,30,81,31.0
MT,RICHLAND,30083,30,83,17.8
MT,ROOSEVELT,30085,30,85,26.0
MT,ROSEBUD,30087,30,87,13.6
MT,SANDERS,30089,30,89,44.2
MT,SHERIDAN,30091,30,91,1.9
MT,SILVER BOW,30093,30,93,51.4
MT,STILLWATER,30095,30,95,24.6
MT,SWEET GRASS,30097,30,97,13.0
MT,TETON,30099,30,99,14.6
MT,TOOLE,30101,30,101,110.3
MT,VALLEY,30105,30,105,18.7
MT,WHEATLAND,30107,30,107,3.7
MT,YELLOWSTONE,30111,30,111,68.1
NE,ADAMS,31001,31,1,48.1
NE,ANTELOPE,31003,31,3,40.5
NE,BOONE,31011,31,11,13.5
NE,BOX BUTTE,31013,31,13,64.5
NE,BOYD,31015,31,15,33.8
NE,BROWN,31017,31,17,7.1
NE,BUFFALO,31019,31,19,73.1
NE,BURT,31021,31,21,18.7
NE,BUTLER,31023,31,23,41.9
NE,CASS,31025,31,25,9.4
NE,CEDAR,31027,31,27,14.9
NE,CHASE,31029,31,29,70.7
NE,CHERRY,31031,31,31,18.8
NE,CHEYENNE,31033,31,33,30.8
NE,CLAY,31035,31,35,1.5
NE,COLFAX,31037,31,37,10.3
NE,CUMING,31039,31,39,10.0
NE,CUSTER,31041,31,41,43.3
NE,DAKOTA,31043,31,43,21.4
NE,DAWES,31045,31,45,35.9
NE,DAWSON,31047,31,47,25.1
NE,DEUEL,31049,31,49,2.1
NE,DIXON,31051,31,51,8.1
NE,DODGE,31053,31,53,43.1
NE,DOUGLAS,31055,31,55,64.3
NE,DUNDY,31057,31,57,30.8
NE,FILLMORE,31059,31,59,20.0
NE,FRANKLIN,31061,31,61,80.6
NE,FRONTIER,31063,31,63,5.0
NE,FURNAS,31065,31,65,31.6
NE,GAGE,31067,31,67,25.6
NE,GARDEN,31069,31,69,30.2
NE,GARFIELD,31071,31,71,75.0
NE,HALL,31079,31,79,64.7
NE,HAMILTON,31081,31,81,57.7
NE,HARLAN,31083,31,83,34.6
NE,HAYES,31085,31,85,2.3
NE,HITCHCOCK,31087,31,87,17.4
NE,HOLT,31089,31,89,48.8
NE,HOOKER,31091,31,91,14.6
NE,HOWARD,31093,31,93,36.0
NE,JEFFERSON,31095,31,95,44.5
NE,JOHNSON,31097,31,97,51.0
NE,KEARNEY,31099,31,99,28.3
NE,KEITH,31101,31,101,47.4
NE,KIMBALL,31105,31,105,35.9
NE,KNOX,31107,31,107,28.4
NE,LANCASTER,31109,31,109,47.6
NE,LINCOLN,31111,31,111,76.8
NE,MADISON,31119,31,119,92.2
NE,MERRICK,31121,31,121,39.0
NE,MORRILL,31123,31,123,12.4
NE,NANCE,31125,31,125,4.5
NE,NEMAHA,31127,31,127,77.9
NE,NUCKOLLS,31129,31,129,7.4
NE,OTOE,31131,31,131,38.0
NE,PAWNEE,31133,31,133,37.8
NE,PERKINS,31135,31,135,86.9
NE,PHELPS,31137,31,137,89.7
NE,PIERCE,31139,31,139,43.0
NE,PLATTE,31141,31,141,27.0
NE,POLK,31143,31,143,8.7
NE,RED WILLOW,31145,31,145,45.3
NE,RICHARDSON,31147,31,147,16.8
NE,ROCK,31149,31,149,10.2
NE,SALINE,31151,31,151,26.3
NE,SARPY,31153,31,153,26.6
NE,SAUNDERS,31155,31,155,19.3
NE,SCOTTS BLUFF,31157,31,157,75.0
NE,SEWARD,31159,31,159,27.3
NE,SHERIDAN,31161,31,161,4.8
NE,SHERMAN,31163,31,163,3.4
NE,THAYER,31169,31,169,8.6
NE,THOMAS,31171,31,171,2.2
NE,THURSTON,31173,31,173,22.2
NE,VALLEY,31175,31,175,75.1
NE,WASHINGTON,31177,31,177,14.6
NE,WAYNE,31179,31,179,33.1
NE,WEBSTER,31181,31,181,2.0
NE,YORK,31185,31,185,58.2
NV,CHURCHILL,32001,32,1,38.1
NV,CLARK,32003,32,3,47.4
NV,DOUGLAS,32005,32,5,43.2
NV,ELKO,32007,32,7,25.2
NV,EUREKA,32011,32,11,8.2
NV,HUMBOLDT,32013,32,13,9.7
NV,LANDER,32015,32,15,1.7
NV,LINCOLN,32017,32,17,48.4
NV,LYON,32019,32,19,10.2
NV,MINERAL,32021,32,21,46.6
NV,NYE,32023,32,23,38.5
NV,PERSHING,32027,32,27,14.9
NV,STOREY,32029,32,29,29.9
NV,WASHOE,32031,32,31,53.5
NV,WHITE PINE,32033,32,33,28.6
NV,CARSON CITY,32510,32,510,95.9
NH,BELKNAP,33001,33,1,25.5
NH,CARROLL,33003,33,3,51.4
NH,CHESHIRE,33005,33,5,26.8
NH,COOS,33007,33,7,41.6
NH,GRAFTON,33009,33,9,55.7
NH,HILLSBOROUGH,33011,33,11,32.3
NH,MERRIMACK,33013,33,13,46.7
NH,ROCKINGHAM,33015,33,15,27.8
NH,STRAFFORD,33017,33,17,40.8
NH,SULLIVAN,33019,33,19,22.4
NJ,ATLANTIC,34001,34,1,53.9
NJ,BERGEN,34003,34,3,27.2
NJ,BURLINGTON,34005,34,5,54.1
NJ,CAMDEN,34007,34,7,61.1
NJ,CAPE MAY,34009,34,9,26.6
NJ,CUMBERLAND,34011,34,11,36.7
NJ,ESSEX,34013,34,13,30.2
NJ,GLOUCESTER,34015,34,15,36.0
NJ,HUDSON,34017,34,17,18.9
NJ,HUNTERDON,34019,34,19,20.4
NJ,MERCER,34021,34,21,34.0
NJ,MIDDLESEX,34023,34,23,27.7
NJ,MONMOUTH,34025,34,25,38.6
NJ,MORRIS,34027,34,27,32.3
NJ,OCEAN,34029,34,29,20.2
NJ,PASSAIC,34031,34,31,28.5
NJ,SALEM,34033,34,33,23.9
NJ,SOMERSET,34035,34,35,21.9
NJ,SUSSEX,34037,34,37,23.8
NJ,UNION,34039,34,39,23.6
NJ,WARREN,34041,34,41,29.9
NM,BERNALILLO,35001,35,1,52.0
NM,CATRON,35003,35,3,13.5
NM,CHAVES,35005,35,5,50.0
NM,CIBOLA,35006,35,6,14.2
NM,COLFAX,35007,35,7,74.9
NM,CURRY,35009,35,9,19.7
NM,DE BACA,35011,35,11,5.3
NM,DONA ANA,35013,35,13,34.0
NM,EDDY,35015,35,15,79.1
NM,GRANT,35017,35,17,40.1
NM,GUADALUPE,35019,35,19,108.2
NM,HARDING,35021,35,21,31.9
NM,HIDALGO,35023,35,23,14.2
NM,LEA,35025,35,25,35.1
NM,LINCOLN,35027,35,27,28.1
NM,LOS ALAMOS,35028,35,28,35.6
NM,LUNA,35029,35,29,44.9
NM,MCKINLEY,35031,35,31,13.0
NM,MORA,35033,35,33,2.0
NM,OTERO,35035,35,35,33.1
NM,QUAY,35037,35,37,43.8
NM,RIO ARRIBA,35039,35,39,33.4
NM,ROOSEVELT,35041,35,41,27.4
NM,SANDOVAL,35043,35,43,21.6
NM,SAN JUAN,35045,35,45,32.9
NM,SAN MIGUEL,35047,35,47,30.7
NM,SANTA FE,35049,35,49,49.5
NM,SIERRA,35051,35,51,24.0
NM,SOCORRO,35053,35,53,43.4
NM,TAOS,35055,35,55,62.5
NM,TORRANCE,35057,35,57,6.6
NM,UNION,35059,35,59,45.8
NM,VALENCIA,35061,35,61,19.1
NY,ALBANY,36001,36,1,57.5
NY,ALLEGANY,36003,36,3,27.9
NY,BRONX,36005,36,5,18.7
NY,BROOME,36007,36,7,55.6
NY,CATTARAUGUS,36009,36,9,36.9
NY,CAYUGA,36011,36,11,24.3
NY,CHAUTAUQUA,36013,36,13,41.9
NY,CHEMUNG,36015,36,15,67.5
NY,CHENANGO,36017,36,17,25.2
NY,CLINTON,36019,36,19,67.5
NY,COLUMBIA,36021,36,21,35.9
NY,CORTLAND,36023,36,23,20.0
NY,DELAWARE,36025,36,25,17.8
NY,DUTCHESS,36027,36,27,32.4
NY,ERIE,36029,36,29,58.2
NY,ESSEX,36031,36,31,32.7
NY,FRANKLIN,36033,36,33,32.1
NY,FULTON,36035,36,35,34.0
NY,GENESEE,36037,36,37,44.1
NY,GREENE,36039,36,39,18.3
NY,HAMILTON,36041,36,41,27.6
NY,HERKIMER,36043,36,43,17.5
NY,JEFFERSON,36045,36,45,49.0
NY,KINGS,36047,36,47,14.6
NY,LEWIS,36049,36,49,21.8
NY,LIVINGSTON,36051,36,51,40.2
NY,MADISON,36053,36,53,43.0
NY,MONROE,36055,36,55,40.2
NY,MONTGOMERY,36057,36,57,50.7
NY,NASSAU,36059,36,59,41.3
NY,NEW YORK,36061,36,61,56.3
NY,NIAGARA,36063,36,63,27.2
NY,ONEIDA,36065,36,65,39.6
NY,ONONDAGA,36067,36,67,59.5
NY,ONTARIO,36069,36,69,36.5
NY,ORANGE,36071,36,71,29.0
NY,ORLEANS,36073,36,73,21.2
NY,OSWEGO,36075,36,75,22.5
NY,OTSEGO,36077,36,77,47.7
NY,PUTNAM,36079,36,79,25.1
NY,QUEENS,36081,36,81,12.7
NY,RENSSELAER,36083,36,83,28.0
NY,RICHMOND,36085,36,85,26.6
NY,ROCKLAND,36087,36,87,27.5
NY,SAINT LAWRENCE,36089,36,89,38.3
NY,SARATOGA,36091,36,91,32.2
NY,SCHENECTADY,36093,36,93,29.2
NY,SCHOHARIE,36095,36,95,30.2
NY,SCHUYLER,36097,36,97,37.7
NY,SENECA,36099,36,99,23.0
NY,STEUBEN,36101,36,101,35.0
NY,SUFFOLK,36103,36,103,29.9
NY,SULLIVAN,36105,36,105,71.9
NY,TIOGA,36107,36,107,19.2
NY,TOMPKINS,36109,36,109,49.8
NY,ULSTER,36111,36,111,34.8
NY,WARREN,36113,36,113,72.1
NY,WASHINGTON,36115,36,115,24.1
NY,WAYNE,36117,36,117,13.7
NY,WESTCHESTER,36119,36,119,24.7
NY,WYOMING,36121,36,121,27.0
NY,YATES,36123,36,123,16.3
NC,ALAMANCE,37001,37,1,31.5
NC,ALEXANDER,37003,37,3,7.1
NC,ALLEGHANY,37005,37,5,41.4
NC,ANSON,37007,37,7,6.2
NC,ASHE,37009,37,9,45.2
NC,AVERY,37011,37,11,32.4
NC,BEAUFORT,37013,37,13,46.5
NC,BERTIE,37015,37,15,59.5
NC,BLADEN,37017,37,17,31.1
NC,BRUNSWICK,37019,37,19,39.4
NC,BUNCOMBE,37021,37,21,73.5
NC,BURKE,37023,37,23,61.4
NC,CABARRUS,37025,37,25,48.7
NC,CALDWELL,37027,37,27,52.4
NC,CAMDEN,37029,37,29,0.0
NC,CARTERET,37031,37,31,62.8
NC,CASWELL,37033,37,33,3.5
NC,CATAWBA,37035,37,35,104.6
NC,CHATHAM,37037,37,37,12.8
NC,CHEROKEE,37039,37,39,74.1
NC,CHOWAN,37041,37,41,42.6
NC,CLAY,37043,37,43,32.6
NC,CLEVELAND,37045,37,45,112.2
NC,COLUMBUS,37047,37,47,73.8
NC,CRAVEN,37049,37,49,75.6
NC,CUMBERLAND,37051,37,51,64.3
NC,CURRITUCK,37053,37,53,11.6
NC,DARE,37055,37,55,68.8
NC,DAVIDSON,37057,37,57,24.9
NC,DAVIE,37059,37,59,30.1
NC,DUPLIN,37061,37,61,25.3
NC,DURHAM,37063,37,63,68.2
NC,EDGECOMBE,37065,37,65,26.0
NC,FORSYTH,37067,37,67,95.3
NC,FRANKLIN,37069,37,69,12.8
NC,GASTON,37071,37,71,65.9
NC,GATES,37073,37,73,2.7
NC,GRAHAM,37075,37,75,7.5
NC,GRANVILLE,37077,37,77,24.1
NC,GREENE,37079,37,79,22.4
NC,GUILFORD,37081,37,81,55.9
NC,HALIFAX,37083,37,83,50.1
NC,HARNETT,37085,37,85,47.3
NC,HAYWOOD,37087,37,87,61.3
NC,HENDERSON,37089,37,89,36.5
NC,HERTFORD,37091,37,91,59.2
NC,HOKE,37093,37,93,14.7
NC,HYDE,37095,37,95,2.7
NC,IREDELL,37097,37,97,74.4
NC,JACKSON,37099,37,99,37.8
NC,JOHNSTON,37101,37,101,35.3
NC,JONES,37103,37,103,8.1
NC,LEE,37105,37,105,56.1
NC,LENOIR,37107,37,107,42.8
NC,LINCOLN,37109,37,109,34.2
NC,MCDOWELL,37111,37,111,42.4
NC,MACON,37113,37,113,22.4
NC,MADISON,37115,37,115,11.0
NC,MARTIN,37117,37,117,23.9
NC,MECKLENBURG,37119,37,119,51.3
NC,MITCHELL,37121,37,121,76.3
NC,MONTGOMERY,37123,37,123,28.2
NC,MOORE,37125,37,125,124.5
NC,NASH,37127,37,127,79.2
NC,NEW HANOVER,37129,37,129,80.5
NC,NORTHAMPTON,37131,37,131,8.8
NC,ONSLOW,37133,37,133,46.8
NC,ORANGE,37135,37,135,90.9
NC,PAMLICO,37137,37,137,3.9
NC,PASQUOTANK,37139,37,139,55.4
NC,PENDER,37141,37,141,19.6
NC,PERQUIMANS,37143,37,143,15.6
NC,PERSON,37145,37,145,19.5
NC,PITT,37147,37,147,102.3
NC,POLK,37149,37,149,27.1
NC,RANDOLPH,37151,37,151,31.0
NC,RICHMOND,37153,37,153,84.1
NC,ROBESON,37155,37,155,58.0
NC,ROCKINGHAM,37157,37,157,51.4
NC,ROWAN,37159,37,159,53.8
NC,RUTHERFORD,37161,37,161,45.4
NC,SAMPSON,37163,37,163,31.2
NC,SCOTLAND,37165,37,165,95.1
NC,STANLY,37167,37,167,35.2
NC,STOKES,37169,37,169,31.3
NC,SURRY,37171,37,171,68.8
NC,SWAIN,37173,37,173,96.1
NC,TRANSYLVANIA,37175,37,175,39.8
NC,TYRRELL,37177,37,177,8.9
NC,UNION,37179,37,179,22.9
NC,VANCE,37181,37,181,43.5
NC,WAKE,37183,37,183,37.2
NC,WARREN,37185,37,185,2.6
NC,WASHINGTON,37187,37,187,29.1
NC,WATAUGA,37189,37,189,54.5
NC,WAYNE,37191,37,191,40.5
NC,WILKES,37193,37,193,36.4
NC,WILSON,37195,37,195,32.9
NC,YADKIN,37197,37,197,19.8
NC,YANCEY,37199,37,199,28.7
ND,ADAMS,38001,38,1,99.1
ND,BARNES,38003,38,3,34.7
ND,BENSON,38005,38,5,1.8
ND,BOTTINEAU,38009,38,9,17.0
ND,BOWMAN,38011,38,11,12.9
ND,BURKE,38013,38,13,1.1
ND,BURLEIGH,38015,38,15,62.8
ND,CASS,38017,38,17,36.0
ND,CAVALIER,38019,38,19,31.0
ND,DICKEY,38021,38,21,32.2
ND,DIVIDE,38023,38,23,3.8
ND,DUNN,38025,38,25,1.3
ND,EDDY,38027,38,27,0.2
ND,EMMONS,38029,38,29,37.5
ND,FOSTER,38031,38,31,79.2
ND,GOLDEN VALLEY,38033,38,33,6.1
ND,GRAND FORKS,38035,38,35,56.2
ND,GRANT,38037,38,37,6.1
ND,GRIGGS,38039,38,39,8.5
ND,HETTINGER,38041,38,41,1.4
ND,KIDDER,38043,38,43,18.3
ND,LAMOURE,38045,38,45,7.5
ND,MCHENRY,38049,38,49,5.8
ND,MCINTOSH,38051,38,51,20.1
ND,MCKENZIE,38053,38,53,12.0
ND,MCLEAN,38055,38,55,22.6
ND,MERCER,38057,38,57,32.5
ND,MORTON,38059,38,59,11.0
ND,MOUNTRAIL,38061,38,61,2.2
ND,NELSON,38063,38,63,5.3
ND,OLIVER,38065,38,65,0.1
ND,PEMBINA,38067,38,67,39.1
ND,PIERCE,38069,38,69,43.2
ND,RAMSEY,38071,38,71,63.8
ND,RANSOM,38073,38,73,25.1
ND,RICHLAND,38077,38,77,23.0
ND,ROLETTE,38079,38,79,3.3
ND,SARGENT,38081,38,81,1.5
ND,SHERIDAN,38083,38,83,3.0
ND,STARK,38089,38,89,40.8
ND,STUTSMAN,38093,38,93,32.7
ND,TOWNER,38095,38,95,14.0
ND,TRAILL,38097,38,97,10.9
ND,WALSH,38099,38,99,14.4
ND,WARD,38101,38,101,51.7
ND,WELLS,38103,38,103,51.3
ND,WILLIAMS,38105,38,105,31.4
OH,ADAMS,39001,39,1,32.9
OH,ALLEN,39003,39,3,67.5
OH,ASHLAND,39005,39,5,18.5
OH,ASHTABULA,39007,39,7,34.3
OH,ATHENS,39009,39,9,44.9
OH,AUGLAIZE,39011,39,11,20.5
OH,BELMONT,39013,39,13,23.5
OH,BROWN,39015,39,15,42.1
OH,BUTLER,39017,39,17,41.3
OH,CARROLL,39019,39,19,18.5
OH,CHAMPAIGN,39021,39,21,12.0
OH,CLARK,39023,39,23,51.6
OH,CLERMONT,39025,39,25,25.9
OH,CLINTON,39027,39,27,44.4
OH,COLUMBIANA,39029,39,29,19.9
OH,COSHOCTON,39031,39,31,24.0
OH,CRAWFORD,39033,39,33,46.1
OH,CUYAHOGA,39035,39,35,53.7
OH,DARKE,39037,39,37,25.2
OH,DEFIANCE,39039,39,39,51.6
OH,DELAWARE,39041,39,41,28.7
OH,ERIE,39043,39,43,39.9
OH,FAIRFIELD,39045,39,45,48.5
OH,FAYETTE,39047,39,47,65.7
OH,FRANKLIN,39049,39,49,60.4
OH,FULTON,39051,39,51,19.1
OH,GALLIA,39053,39,53,53.3
OH,GEAUGA,39055,39,55,21.6
OH,GREENE,39057,39,57,50.1
OH,GUERNSEY,39059,39,59,28.9
OH,HAMILTON,39061,39,61,69.3
OH,HANCOCK,39063,39,63,41.8
OH,HARDIN,39065,39,65,19.3
OH,HARRISON,39067,39,67,7.9
OH,HENRY,39069,39,69,13.8
OH,HIGHLAND,39071,39,71,32.2
OH,HOCKING,39073,39,73,19.9
OH,HOLMES,39075,39,75,8.6
OH,HURON,39077,39,77,38.3
OH,JACKSON,39079,39,79,28.6
OH,JEFFERSON,39081,39,81,76.7
OH,KNOX,39083,39,83,19.9
OH,LAKE,39085,39,85,38.6
OH,LAWRENCE,39087,39,87,50.8
OH,LICKING,39089,39,89,21.2
OH,LOGAN,39091,39,91,30.2
OH,LORAIN,39093,39,93,31.1
OH,LUCAS,39095,39,95,79.0
OH,MADISON,39097,39,97,23.1
OH,MAHONING,39099,39,99,77.2
OH,MARION,39101,39,101,73.6
OH,MEDINA,39103,39,103,21.3
OH,MEIGS,39105,39,105,8.0
OH,MERCER,39107,39,107,22.5
OH,MIAMI,39109,39,109,25.3
OH,MONROE,39111,39,111,13.1
OH,MONTGOMERY,39113,39,113,69.6
OH,MORGAN,39115,39,115,10.3
OH,MORROW,39117,39,117,6.4
OH,MUSKINGUM,39119,39,119,57.8
OH,NOBLE,39121,39,121,7.3
OH,OTTAWA,39123,39,123,18.8
OH,PAULDING,39125,39,125,14.1
OH,PERRY,39127,39,127,32.0
OH,PICKAWAY,39129,39,129,30.5
OH,PIKE,39131,39,131,50.6
OH,PORTAGE,39133,39,133,23.3
OH,PREBLE,39135,39,135,16.8
OH,PUTNAM,39137,39,137,15.9
OH,RICHLAND,39139,39,139,31.4
OH,ROSS,39141,39,141,63.8
OH,SANDUSKY,39143,39,143,24.5
OH,SCIOTO,39145,39,145,71.1
OH,SENECA,39147,39,147,18.2
OH,SHELBY,39149,39,149,21.2
OH,STARK,39151,39,151,53.1
OH,SUMMIT,39153,39,153,53.5
OH,TRUMBULL,39155,39,155,40.1
OH,TUSCARAWAS,39157,39,157,55.7
OH,UNION,39159,39,159,33.6
OH,VAN WERT,39161,39,161,28.9
OH,VINTON,39163,39,163,4.2
OH,WARREN,39165,39,165,27.5
OH,WASHINGTON,39167,39,167,61.7
OH,WAYNE,39169,39,169,24.6
OH,WILLIAMS,39171,39,171,18.9
OH,WOOD,39173,39,173,30.1
OH,WYANDOT,39175,39,175,11.1
OK,ADAIR,40001,40,1,62.2
OK,ALFALFA,40003,40,3,5.8
OK,ATOKA,40005,40,5,4.7
OK,BEAVER,40007,40,7,6.9
OK,BECKHAM,40009,40,9,43.0
OK,BLAINE,40011,40,11,13.9
OK,BRYAN,40013,40,13,56.7
OK,CADDO,40015,40,15,20.3
OK,CANADIAN,40017,40,17,21.2
OK,CARTER,40019,40,19,84.3
OK,CHEROKEE,40021,40,21,45.8
OK,CHOCTAW,40023,40,23,19.8
OK,CIMARRON,40025,40,25,15.9
OK,CLEVELAND,40027,40,27,34.7
OK,COAL,40029,40,29,57.3
OK,COMANCHE,40031,40,31,60.7
OK,COTTON,40033,40,33,1.2
OK,CRAIG,40035,40,35,19.2
OK,CREEK,40037,40,37,16.1
OK,CUSTER,40039,40,39,21.3
OK,DELAWARE,40041,40,41,41.1
OK,DEWEY,40043,40,43,6.8
OK,ELLIS,40045,40,45,28.1
OK,GARFIELD,40047,40,47,58.8
OK,GARVIN,40049,40,49,29.7
OK,GRADY,40051,40,51,25.1
OK,GRANT,40053,40,53,0.3
OK,GREER,40055,40,55,16.0
OK,HARMON,40057,40,57,171.3
OK,HARPER,40059,40,59,205.1
OK,HASKELL,40061,40,61,43.3
OK,HUGHES,40063,40,63,7.3
OK,JACKSON,40065,40,65,42.6
OK,JEFFERSON,40067,40,67,23.3
OK,JOHNSTON,40069,40,69,15.5
OK,KAY,40071,40,71,42.2
OK,KINGFISHER,40073,40,73,110.9
OK,KIOWA,40075,40,75,20.1
OK,LATIMER,40077,40,77,54.1
OK,LE FLORE,40079,40,79,38.2
OK,LINCOLN,40081,40,81,22.3
OK,LOGAN,40083,40,83,7.0
OK,LOVE,40085,40,85,126.2
OK,MCCLAIN,40087,40,87,25.4
OK,MCCURTAIN,40089,40,89,17.0
OK,MCINTOSH,40091,40,91,10.7
OK,MAJOR,40093,40,93,16.5
OK,MARSHALL,40095,40,95,18.3
OK,MAYES,40097,40,97,28.8
OK,MURRAY,40099,40,99,51.2
OK,MUSKOGEE,40101,40,101,71.4
OK,NOBLE,40103,40,103,4.1
OK,NOWATA,40105,40,105,37.1
OK,OKFUSKEE,40107,40,107,4.5
OK,OKLAHOMA,40109,40,109,97.3
OK,OKMULGEE,40111,40,111,14.7
OK,OSAGE,40113,40,113,11.0
OK,OTTAWA,40115,40,115,33.4
OK,PAWNEE,40117,40,117,26.1
OK,PAYNE,40119,40,119,39.8
OK,PITTSBURG,40121,40,121,60.7
OK,PONTOTOC,40123,40,123,56.7
OK,POTTAWATOMIE,40125,40,125,47.1
OK,PUSHMATAHA,40127,40,127,7.0
OK,ROGER MILLS,40129,40,129,9.9
OK,ROGERS,40131,40,131,29.5
OK,SEMINOLE,40133,40,133,26.2
OK,SEQUOYAH,40135,40,135,14.0
OK,STEPHENS,40137,40,137,52.8
OK,TEXAS,40139,40,139,14.3
OK,TILLMAN,40141,40,141,65.0
OK,TULSA,40143,40,143,103.1
OK,WAGONER,40145,40,145,13.1
OK,WASHINGTON,40147,40,147,40.7
OK,WASHITA,40149,40,149,14.0
OK,WOODS,40151,40,151,9.6
OK,WOODWARD,40153,40,153,38.5
OR,BAKER,41001,41,1,68.4
OR,BENTON,41003,41,3,56.0
OR,CLACKAMAS,41005,41,5,31.0
OR,CLATSOP,41007,41,7,52.6
OR,COLUMBIA,41009,41,9,24.7
OR,COOS,41011,41,11,71.7
OR,CROOK,41013,41,13,35.9
OR,CURRY,41015,41,15,83.2
OR,DESCHUTES,41017,41,17,53.1
OR,DOUGLAS,41019,41,19,53.8
OR,GILLIAM,41021,41,21,22.5
OR,GRANT,41023,41,23,35.9
OR,HARNEY,41025,41,25,46.4
OR,HOOD RIVER,41027,41,27,72.4
OR,JACKSON,41029,41,29,82.8
OR,JEFFERSON,41031,41,31,23.7
OR,JOSEPHINE,41033,41,33,47.1
OR,KLAMATH,41035,41,35,39.7
OR,LAKE,41037,41,37,44.4
OR,LANE,41039,41,39,61.2
OR,LINCOLN,41041,41,41,38.1
OR,LINN,41043,41,43,30.4
OR,MALHEUR,41045,41,45,84.4
OR,MARION,41047,41,47,37.9
OR,MORROW,41049,41,49,16.9
OR,MULTNOMAH,41051,41,51,47.6
OR,POLK,41053,41,53,20.9
OR,SHERMAN,41055,41,55,5.1
OR,TILLAMOOK,41057,41,57,59.1
OR,UMATILLA,41059,41,59,31.5
OR,UNION,41061,41,61,50.2
OR,WALLOWA,41063,41,63,51.3
OR,WASCO,41065,41,65,51.3
OR,WASHINGTON,41067,41,67,35.2
OR,WHEELER,41069,41,69,50.9
OR,YAMHILL,41071,41,71,31.3
PA,ADAMS,42001,42,1,23.2
PA,ALLEGHENY,42003,42,3,63.7
PA,ARMSTRONG,42005,42,5,26.8
PA,BEAVER,42007,42,7,31.4
PA,BEDFORD,42009,42,9,19.5
PA,BERKS,42011,42,11,29.6
PA,BLAIR,42013,42,13,64.9
PA,BRADFORD,42015,42,15,50.2
PA,BUCKS,42017,42,17,38.9
PA,BUTLER,42019,42,19,29.7
PA,CAMBRIA,42021,42,21,54.0
PA,CAMERON,42023,42,23,18.3
PA,CARBON,42025,42,25,25.5
PA,CENTRE,42027,42,27,30.6
PA,CHESTER,42029,42,29,28.8
PA,CLARION,42031,42,31,33.9
PA,CLEARFIELD,42033,42,33,46.4
PA,CLINTON,42035,42,35,43.6
PA,COLUMBIA,42037,42,37,43.7
PA,CRAWFORD,42039,42,39,53.1
PA,CUMBERLAND,42041,42,41,38.2
PA,DAUPHIN,42043,42,43,53.9
PA,DELAWARE,42045,42,45,41.4
PA,ELK,42047,42,47,33.2
PA,ERIE,42049,42,49,56.9
PA,FAYETTE,42051,42,51,81.1
PA,FOREST,42053,42,53,2.8
PA,FRANKLIN,42055,42,55,33.3
PA,FULTON,42057,42,57,15.6
PA,GREENE,42059,42,59,17.0
PA,HUNTINGDON,42061,42,61,15.9
PA,INDIANA,42063,42,63,30.6
PA,JEFFERSON,42065,42,65,27.8
PA,JUNIATA,42067,42,67,25.9
PA,LACKAWANNA,42069,42,69,65.3
PA,LANCASTER,42071,42,71,32.8
PA,LAWRENCE,42073,42,73,41.3
PA,LEBANON,42075,42,75,27.4
PA,LEHIGH,42077,42,77,39.9
PA,LUZERNE,42079,42,79,49.4
PA,LYCOMING,42081,42,81,50.4
PA,MCKEAN,42083,42,83,46.4
PA,MERCER,42085,42,85,70.7
PA,MIFFLIN,42087,42,87,36.2
PA,MONROE,42089,42,89,30.0
PA,MONTGOMERY,42091,42,91,47.9
PA,MONTOUR,42093,42,93,260.7
PA,NORTHAMPTON,42095,42,95,50.4
PA,NORTHUMBERLAND,42097,42,97,35.5
PA,PERRY,42099,42,99,15.1
PA,PHILADELPHIA,42101,42,101,43.2
PA,PIKE,42103,42,103,23.8
PA,POTTER,42105,42,105,35.7
PA,SCHUYLKILL,42107,42,107,26.8
PA,SNYDER,42109,42,109,34.9
PA,SOMERSET,42111,42,111,24.6
PA,SULLIVAN,42113,42,113,12.1
PA,SUSQUEHANNA,42115,42,115,20.4
PA,TIOGA,42117,42,117,33.0
PA,UNION,42119,42,119,59.1
PA,VENANGO,42121,42,121,48.8
PA,WARREN,42123,42,123,36.7
PA,WASHINGTON,42125,42,125,41.1
PA,WAYNE,42127,42,127,20.9
PA,WESTMORELAND,42129,42,129,36.9
PA,WYOMING,42131,42,131,38.6
PA,YORK,42133,42,133,37.3
RI,BRISTOL,44001,44,1,18.7
RI,KENT,44003,44,3,46.3
RI,NEWPORT,44005,44,5,26.8
RI,PROVIDENCE,44007,44,7,37.8
RI,WASHINGTON,44009,44,9,30.0
SC,ABBEVILLE,45001,45,1,30.0
SC,AIKEN,45003,45,3,40.0
SC,ALLENDALE,45005,45,5,44.5
SC,ANDERSON,45007,45,7,67.1
SC,BAMBERG,45009,45,9,46.6
SC,BARNWELL,45011,45,11,47.0
SC,BEAUFORT,45013,45,13,45.4
SC,BERKELEY,45015,45,15,18.2
SC,CALHOUN,45017,45,17,6.3
SC,CHARLESTON,45019,45,19,103.6
SC,CHEROKEE,45021,45,21,51.2
SC,CHESTER,45023,45,23,38.3
SC,CHESTERFIELD,45025,45,25,26.7
SC,CLARENDON,45027,45,27,57.8
SC,COLLETON,45029,45,29,46.4
SC,DARLINGTON,45031,45,31,85.7
SC,DILLON,45033,45,33,51.2
SC,DORCHESTER,45035,45,35,22.8
SC,EDGEFIELD,45037,45,37,16.3
SC,FAIRFIELD,45039,45,39,23.9
SC,FLORENCE,45041,45,41,125.0
SC,GEORGETOWN,45043,45,43,49.8
SC,GREENVILLE,45045,45,45,67.6
SC,GREENWOOD,45047,45,47,85.6
SC,HAMPTON,45049,45,49,25.5
SC,HORRY,45051,45,51,54.3
SC,JASPER,45053,45,53,16.9
SC,KERSHAW,45055,45,55,29.7
SC,LANCASTER,45057,45,57,30.3
SC,LAURENS,45059,45,59,34.5
SC,LEE,45061,45,61,13.2
SC,LEXINGTON,45063,45,63,57.7
SC,MCCORMICK,45065,45,65,11.8
SC,MARION,45067,45,67,41.5
SC,MARLBORO,45069,45,69,18.7
SC,NEWBERRY,45071,45,71,37.1
SC,OCONEE,45073,45,73,56.4
SC,ORANGEBURG,45075,45,75,43.8
SC,PICKENS,45077,45,77,74.9
SC,RICHLAND,45079,45,79,61.3
SC,SALUDA,45081,45,81,11.8
SC,SPARTANBURG,45083,45,83,75.0
SC,SUMTER,45085,45,85,45.6
SC,UNION,45087,45,87,17.7
SC,WILLIAMSBURG,45089,45,89,18.8
SC,YORK,45091,45,91,29.1
SD,AURORA,46003,46,3,21.1
SD,BEADLE,46005,46,5,36.7
SD,BENNETT,46007,46,7,4.0
SD,BON HOMME,46009,46,9,12.6
SD,BROOKINGS,46011,46,11,19.8
SD,BROWN,46013,46,13,55.8
SD,BRULE,46015,46,15,52.1
SD,BUFFALO,46017,46,17,4.0
SD,BUTTE,46019,46,19,6.0
SD,CAMPBELL,46021,46,21,5.6
SD,CHARLES MIX,46023,46,23,22.1
SD,CLARK,46025,46,25,15.2
SD,CLAY,46027,46,27,25.6
SD,CODINGTON,46029,46,29,37.2
SD,CORSON,46031,46,31,4.6
SD,CUSTER,46033,46,33,29.9
SD,DAVISON,46035,46,35,45.8
SD,DAY,46037,46,37,4.0
SD,DEUEL,46039,46,39,3.1
SD,DEWEY,46041,46,41,2.5
SD,DOUGLAS,46043,46,43,23.1
SD,EDMUNDS,46045,46,45,33.2
SD,FALL RIVER,46047,46,47,38.7
SD,FAULK,46049,46,49,22.1
SD,GRANT,46051,46,51,27.8
SD,GREGORY,46053,46,53,60.0
SD,HAAKON,46055,46,55,119.1
SD,HAMLIN,46057,46,57,1.6
SD,HAND,46059,46,59,0.3
SD,HANSON,46061,46,61,0.3
SD,HARDING,46063,46,63,2.0
SD,HUGHES,46065,46,65,39.6
SD,HUTCHINSON,46067,46,67,54.8
SD,HYDE,46069,46,69,38.2
SD,JACKSON,46071,46,71,8.8
SD,JERAULD,46073,46,73,108.1
SD,JONES,46075,46,75,31.2
SD,KINGSBURY,46077,46,77,23.9
SD,LAKE,46079,46,79,19.3
SD,LAWRENCE,46081,46,81,31.7
SD,LINCOLN,46083,46,83,30.5
SD,LYMAN,46085,46,85,4.0
SD,MCCOOK,46087,46,87,18.3
SD,MCPHERSON,46089,46,89,4.4
SD,MARSHALL,46091,46,91,13.8
SD,MEADE,46093,46,93,6.9
SD,MELLETTE,46095,46,95,2.3
SD,MINER,46097,46,97,4.0
SD,MINNEHAHA,46099,46,99,53.9
SD,MOODY,46101,46,101,14.6
SD,OGLALA LAKOTA,46102,46,102,3.0
SD,PENNINGTON,46103,46,103,49.7
SD,PERKINS,46105,46,105,53.1
SD,POTTER,46107,46,107,4.5
SD,ROBERTS,46109,46,109,31.7
SD,SANBORN,46111,46,111,1.4
SD,SPINK,46115,46,115,7.9
SD,STANLEY,46117,46,117,2.7
SD,SULLY,46119,46,119,0.7
SD,TODD,46121,46,121,7.4
SD,TRIPP,46123,46,123,42.2
SD,TURNER,46125,46,125,11.7
SD,UNION,46127,46,127,233.8
SD,WALWORTH,46129,46,129,31.8
SD,YANKTON,46135,46,135,50.0
TN,ANDERSON,47001,47,1,51.9
TN,BEDFORD,47003,47,3,31.2
TN,BENTON,47005,47,5,36.5
TN,BLEDSOE,47007,47,7,57.5
TN,BLOUNT,47009,47,9,41.2
TN,BRADLEY,47011,47,11,93.9
TN,CAMPBELL,47013,47,13,35.5
TN,CANNON,47015,47,15,21.5
TN,CARROLL,47017,47,17,113.2
TN,CARTER,47019,47,19,32.9
TN,CHEATHAM,47021,47,21,38.3
TN,CHESTER,47023,47,23,43.5
TN,CLAIBORNE,47025,47,25,101.9
TN,CLAY,47027,47,27,32.5
TN,COCKE,47029,47,29,68.4
TN,COFFEE,47031,47,31,138.1
TN,CROCKETT,47033,47,33,16.9
TN,CUMBERLAND,47035,47,35,40.6
TN,DAVIDSON,47037,47,37,84.8
TN,DECATUR,47039,47,39,68.8
TN,DEKALB,47041,47,41,47.4
TN,DICKSON,47043,47,43,61.4
TN,DYER,47045,47,45,80.2
TN,FAYETTE,47047,47,47,31.9
TN,FENTRESS,47049,47,49,37.4
TN,FRANKLIN,47051,47,51,52.0
TN,GIBSON,47053,47,53,60.3
TN,GILES,47055,47,55,43.7
TN,GRAINGER,47057,47,57,12.4
TN,GREENE,47059,47,59,60.2
TN,GRUNDY,47061,47,61,22.4
TN,HAMBLEN,47063,47,63,124.7
TN,HAMILTON,47065,47,65,101.1
TN,HANCOCK,47067,47,67,74.9
TN,HARDEMAN,47069,47,69,32.4
TN,HARDIN,47071,47,71,123.0
TN,HAWKINS,47073,47,73,31.5
TN,HAYWOOD,47075,47,75,25.7
TN,HENDERSON,47077,47,77,42.4
TN,HENRY,47079,47,79,70.5
TN,HICKMAN,47081,47,81,14.1
TN,HOUSTON,47083,47,83,57.8
TN,HUMPHREYS,47085,47,85,25.7
TN,JACKSON,47087,47,87,7.7
TN,JEFFERSON,47089,47,89,59.9
TN,JOHNSON,47091,47,91,35.0
TN,KNOX,47093,47,93,105.8
TN,LAKE,47095,47,95,11.3
TN,LAUDERDALE,47097,47,97,62.8
TN,LAWRENCE,47099,47,99,37.0
TN,LEWIS,47101,47,101,33.7
TN,LINCOLN,47103,47,103,28.4
TN,LOUDON,47105,47,105,20.3
TN,MCMINN,47107,47,107,58.0
TN,MCNAIRY,47109,47,109,67.8
TN,MACON,47111,47,111,15.7
TN,MADISON,47113,47,113,145.1
TN,MARION,47115,47,115,29.2
TN,MARSHALL,47117,47,117,54.3
TN,MAURY,47119,47,119,91.4
TN,MEIGS,47121,47,121,19.7
TN,MONROE,47123,47,123,54.9
TN,MONTGOMERY,47125,47,125,42.5
TN,MOORE,47127,47,127,15.9
TN,MORGAN,47129,47,129,33.8
TN,OBION,47131,47,131,91.0
TN,OVERTON,47133,47,133,67.8
TN,PERRY,47135,47,135,99.6
TN,PICKETT,47137,47,137,18.9
TN,POLK,47139,47,139,26.6
TN,PUTNAM,47141,47,141,93.0
TN,RHEA,47143,47,143,30.7
TN,ROANE,47145,47,145,56.1
TN,ROBERTSON,47147,47,147,44.5
TN,RUTHERFORD,47149,47,149,50.8
TN,SCOTT,47151,47,151,77.4
TN,SEQUATCHIE,47153,47,153,31.3
TN,SEVIER,47155,47,155,43.0
TN,SHELBY,47157,47,157,60.2
TN,SMITH,47159,47,159,51.7
TN,STEWART,47161,47,161,17.7
TN,SULLIVAN,47163,47,163,126.4
TN,SUMNER,47165,47,165,55.0
TN,TIPTON,47167,47,167,42.9
TN,TROUSDALE,47169,47,169,24.7
TN,UNICOI,47171,47,171,62.0
TN,UNION,47173,47,173,13.5
TN,VAN BUREN,47175,47,175,2.0
TN,WARREN,47177,47,177,46.2
TN,WASHINGTON,47179,47,179,140.1
TN,WAYNE,47181,47,181,62.0
TN,WEAKLEY,47183,47,183,85.9
TN,WHITE,47185,47,185,25.6
TN,WILLIAMSON,47187,47,187,52.4
TN,WILSON,47189,47,189,45.0
TX,ANDERSON,48001,48,1,36.4
TX,ANDREWS,48003,48,3,11.6
TX,ANGELINA,48005,48,5,58.3
TX,ARANSAS,48007,48,7,17.0
TX,ARCHER,48009,48,9,0.5
TX,ARMSTRONG,48011,48,11,20.3
TX,ATASCOSA,48013,48,13,20.0
TX,AUSTIN,48015,48,15,20.3
TX,BAILEY,48017,48,17,23.2
TX,BANDERA,48019,48,19,9.6
TX,BASTROP,48021,48,21,13.3
TX,BAYLOR,48023,48,23,33.8
TX,BEE,48025,48,25,14.1
TX,BELL,48027,48,27,53.8
TX,BEXAR,48029,48,29,44.1
TX,BLANCO,48031,48,31,7.0
TX,BOSQUE,48035,48,35,13.9
TX,BOWIE,48037,48,37,104.0
TX,BRAZORIA,48039,48,39,27.9
TX,BRAZOS,48041,48,41,39.7
TX,BREWSTER,48043,48,43,20.2
TX,BRISCOE,48045,48,45,0.2
TX,BROOKS,48047,48,47,18.3
TX,BROWN,48049,48,49,59.7
TX,BURLESON,48051,48,51,16.9
TX,BURNET,48053,48,53,13.9
TX,CALDWELL,48055,48,55,6.5
TX,CALHOUN,48057,48,57,29.8
TX,CALLAHAN,48059,48,59,6.7
TX,CAMERON,48061,48,61,22.3
TX,CAMP,48063,48,63,38.1
TX,CARSON,48065,48,65,2.7
TX,CASS,48067,48,67,44.5
TX,CASTRO,48069,48,69,9.7
TX,CHAMBERS,48071,48,71,8.2
TX,CHEROKEE,48073,48,73,28.5
TX,CHILDRESS,48075,48,75,63.9
TX,CLAY,48077,48,77,12.6
TX,COCHRAN,48079,48,79,17.6
TX,COLEMAN,48083,48,83,14.3
TX,COLLIN,48085,48,85,29.7
TX,COLLINGSWORTH,48087,48,87,14.2
TX,COLORADO,48089,48,89,22.0
TX,COMAL,48091,48,91,32.6
TX,COMANCHE,48093,48,93,52.1
TX,CONCHO,48095,48,95,1.1
TX,COOKE,48097,48,97,31.5
TX,CORYELL,48099,48,99,14.3
TX,CRANE,48103,48,103,14.6
TX,CROCKETT,48105,48,105,26.6
TX,CROSBY,48107,48,107,17.4
TX,CULBERSON,48109,48,109,71.9
TX,DALLAM,48111,48,111,19.4
TX,DALLAS,48113,48,113,45.9
TX,DAWSON,48115,48,115,9.1
TX,DEAF SMITH,48117,48,117,4.9
TX,DELTA,48119,48,119,4.2
TX,DENTON,48121,48,121,30.7
TX,DE WITT,48123,48,123,34.8
TX,DIMMIT,48127,48,127,6.0
TX,DONLEY,48129,48,129,0.4
TX,DUVAL,48131,48,131,3.1
TX,EASTLAND,48133,48,133,14.5
TX,ECTOR,48135,48,135,41.2
TX,EDWARDS,48137,48,137,0.6
TX,ELLIS,48139,48,139,30.8
TX,EL PASO,48141,48,141,27.0
TX,ERATH,48143,48,143,35.2
TX,FALLS,48145,48,145,27.4
TX,FANNIN,48147,48,147,18.4
TX,FAYETTE,48149,48,149,63.2
TX,FISHER,48151,48,151,3.1
TX,FLOYD,48153,48,153,28.6
TX,FOARD,48155,48,155,51.7
TX,FORT BEND,48157,48,157,20.7
TX,FRANKLIN,48159,48,159,28.3
TX,FREESTONE,48161,48,161,12.1
TX,FRIO,48163,48,163,9.4
TX,GAINES,48165,48,165,10.7
TX,GALVESTON,48167,48,167,41.2
TX,GARZA,48169,48,169,2.0
TX,GILLESPIE,48171,48,171,72.0
TX,GOLIAD,48175,48,175,4.7
TX,GONZALES,48177,48,177,13.7
TX,GRAY,48179,48,179,67.8
TX,GRAYSON,48181,48,181,64.4
TX,GREGG,48183,48,183,105.0
TX,GRIMES,48185,48,185,9.4
TX,GUADALUPE,48187,48,187,18.9
TX,HALE,48189,48,189,29.2
TX,HALL,48191,48,191,15.9
TX,HAMILTON,48193,48,193,49.8
TX,HANSFORD,48195,48,195,5.9
TX,HARDEMAN,48197,48,197,37.7
TX,HARDIN,48199,48,199,16.7
TX,HARRIS,48201,48,201,37.8
TX,HARRISON,48203,48,203,36.2
TX,HASKELL,48207,48,207,4.9
TX,HAYS,48209,48,209,22.2
TX,HEMPHILL,48211,48,211,1.5
TX,HENDERSON,48213,48,213,33.3
TX,HIDALGO,48215,48,215,17.3
TX,HILL,48217,48,217,34.6
TX,HOCKLEY,48219,48,219,27.7
TX,HOOD,48221,48,221,56.8
TX,HOPKINS,48223,48,223,42.1
TX,HOUSTON,48225,48,225,13.2
TX,HOWARD,48227,48,227,19.2
TX,HUNT,48231,48,231,29.3
TX,HUTCHINSON,48233,48,233,32.4
TX,JACK,48237,48,237,8.5
TX,JACKSON,48239,48,239,16.5
TX,JASPER,48241,48,241,27.4
TX,JEFF DAVIS,48243,48,243,42.8
TX,JEFFERSON,48245,48,245,70.3
TX,JIM WELLS,48249,48,249,44.0
TX,JOHNSON,48251,48,251,37.3
TX,JONES,48253,48,253,10.8
TX,KARNES,48255,48,255,23.2
TX,KAUFMAN,48257,48,257,20.7
TX,KENDALL,48259,48,259,29.5
TX,KERR,48265,48,265,39.4
TX,KIMBLE,48267,48,267,18.9
TX,KINNEY,48271,48,271,1.6
TX,KLEBERG,48273,48,273,23.6
TX,KNOX,48275,48,275,26.4
TX,LAMAR,48277,48,277,68.2
TX,LAMB,48279,48,279,14.5
TX,LAMPASAS,48281,48,281,15.9
TX,LA SALLE,48283,48,283,8.0
TX,LAVACA,48285,48,285,12.4
TX,LEE,48287,48,287,11.0
TX,LEON,48289,48,289,7.8
TX,LIBERTY,48291,48,291,28.8
TX,LIMESTONE,48293,48,293,25.9
TX,LIPSCOMB,48295,48,295,0.1
TX,LIVE OAK,48297,48,297,5.3
TX,LLANO,48299,48,299,20.8
TX,LUBBOCK,48303,48,303,85.7
TX,LYNN,48305,48,305,11.9
TX,MCCULLOCH,48307,48,307,17.6
TX,MCLENNAN,48309,48,309,48.9
TX,MADISON,48313,48,313,23.2
TX,MARION,48315,48,315,9.8
TX,MARTIN,48317,48,317,24.5
TX,MASON,48319,48,319,2.5
TX,MATAGORDA,48321,48,321,30.0
TX,MAVERICK,48323,48,323,9.5
TX,MEDINA,48325,48,325,15.0
TX,MENARD,48327,48,327,1.6
TX,MIDLAND,48329,48,329,21.3
TX,MILAM,48331,48,331,24.1
TX,MILLS,48333,48,333,7.6
TX,MITCHELL,48335,48,335,52.7
TX,MONTAGUE,48337,48,337,39.0
TX,MONTGOMERY,48339,48,339,37.5
TX,MOORE,48341,48,341,33.5
TX,MORRIS,48343,48,343,12.8
TX,NACOGDOCHES,48347,48,347,54.1
TX,NAVARRO,48349,48,349,23.7
TX,NEWTON,48351,48,351,7.1
TX,NOLAN,48353,48,353,25.0
TX,NUECES,48355,48,355,70.0
TX,OCHILTREE,48357,48,357,21.0
TX,ORANGE,48361,48,361,52.4
TX,PALO PINTO,48363,48,363,25.6
TX,PANOLA,48365,48,365,21.2
TX,PARKER,48367,48,367,27.4
TX,PARMER,48369,48,369,19.8
TX,PECOS,48371,48,371,18.8
TX,POLK,48373,48,373,27.2
TX,POTTER,48375,48,375,102.8
TX,PRESIDIO,48377,48,377,5.8
TX,RAINS,48379,48,379,1.5
TX,RANDALL,48381,48,381,26.8
TX,REAGAN,48383,48,383,1.6
TX,REAL,48385,48,385,1.4
TX,RED RIVER,48387,48,387,82.2
TX,REEVES,48389,48,389,31.8
TX,REFUGIO,48391,48,391,9.6
TX,ROBERTSON,48395,48,395,5.7
TX,ROCKWALL,48397,48,397,42.2
TX,RUNNELS,48399,48,399,35.6
TX,RUSK,48401,48,401,18.9
TX,SABINE,48403,48,403,29.0
TX,SAN AUGUSTINE,48405,48,405,28.5
TX,SAN JACINTO,48407,48,407,3.4
TX,SAN PATRICIO,48409,48,409,27.6
TX,SAN SABA,48411,48,411,5.6
TX,SCHLEICHER,48413,48,413,22.8
TX,SCURRY,48415,48,415,15.5
TX,SHACKELFORD,48417,48,417,2.9
TX,SHELBY,48419,48,419,18.9
TX,SHERMAN,48421,48,421,0.3
TX,SMITH,48423,48,423,99.5
TX,SOMERVELL,48425,48,425,45.7
TX,STARR,48427,48,427,25.6
TX,STEPHENS,48429,48,429,18.6
TX,STERLING,48431,48,431,1.1
TX,STONEWALL,48433,48,433,2.4
TX,SUTTON,48435,48,435,15.0
TX,SWISHER,48437,48,437,6.5
TX,TARRANT,48439,48,439,45.1
TX,TAYLOR,48441,48,441,72.7
TX,TERRELL,48443,48,443,72.3
TX,TERRY,48445,48,445,20.5
TX,THROCKMORTON,48447,48,447,18.5
TX,TITUS,48449,48,449,49.4
TX,TOM GREEN,48451,48,451,46.6
TX,TRAVIS,48453,48,453,39.1
TX,TRINITY,48455,48,455,20.5
TX,TYLER,48457,48,457,9.8
TX,UPSHUR,48459,48,459,7.7
TX,UPTON,48461,48,461,3.7
TX,UVALDE,48463,48,463,23.6
TX,VAL VERDE,48465,48,465,21.1
TX,VAN ZANDT,48467,48,467,18.2
TX,VICTORIA,48469,48,469,67.5
TX,WALKER,48471,48,471,25.6
TX,WALLER,48473,48,473,4.4
TX,WARD,48475,48,475,32.5
TX,WASHINGTON,48477,48,477,29.2
TX,WEBB,48479,48,479,16.2
TX,WHARTON,48481,48,481,31.5
TX,WHEELER,48483,48,483,4.3
TX,WICHITA,48485,48,485,78.2
TX,WILBARGER,48487,48,487,49.6
TX,WILLACY,48489,48,489,16.2
TX,WILLIAMSON,48491,48,491,29.2
TX,WILSON,48493,48,493,12.1
TX,WINKLER,48495,48,495,8.2
TX,WISE,48497,48,497,45.0
TX,WOOD,48499,48,499,29.2
TX,YOAKUM,48501,48,501,15.8
TX,YOUNG,48503,48,503,37.7
TX,ZAPATA,48505,48,505,3.8
TX,ZAVALA,48507,48,507,2.6
UT,BEAVER,49001,49,1,73.3
UT,BOX ELDER,49003,49,3,31.1
UT,CACHE,49005,49,5,34.7
UT,CARBON,49007,49,7,125.9
UT,DAGGETT,49009,49,9,0.9
UT,DAVIS,49011,49,11,45.5
UT,DUCHESNE,49013,49,13,46.6
UT,EMERY,49015,49,15,31.7
UT,GARFIELD,49017,49,17,56.4
UT,GRAND,49019,49,19,46.5
UT,IRON,49021,49,21,53.6
UT,JUAB,49023,49,23,37.1
UT,KANE,49025,49,25,46.7
UT,MILLARD,49027,49,27,27.9
UT,MORGAN,49029,49,29,22.8
UT,RICH,49033,49,33,7.4
UT,SALT LAKE,49035,49,35,53.6
UT,SAN JUAN,49037,49,37,14.8
UT,SANPETE,49039,49,39,38.3
UT,SEVIER,49041,49,41,72.7
UT,SUMMIT,49043,49,43,41.9
UT,TOOELE,49045,49,45,20.7
UT,UINTAH,49047,49,47,36.3
UT,UTAH,49049,49,49,40.1
UT,WASATCH,49051,49,51,20.3
UT,WASHINGTON,49053,49,53,67.2
UT,WAYNE,49055,49,55,18.8
UT,WEBER,49057,49,57,58.8
VT,ADDISON,50001,50,1,24.8
VT,BENNINGTON,50003,50,3,41.3
VT,CALEDONIA,50005,50,5,25.7
VT,CHITTENDEN,50007,50,7,41.6
VT,ESSEX,50009,50,9,38.7
VT,FRANKLIN,50011,50,11,32.4
VT,GRAND ISLE,50013,50,13,12.7
VT,LAMOILLE,50015,50,15,36.2
VT,ORANGE,50017,50,17,21.4
VT,ORLEANS,50019,50,19,38.3
VT,RUTLAND,50021,50,21,41.3
VT,WASHINGTON,50023,50,23,32.1
VT,WINDHAM,50025,50,25,35.0
VT,WINDSOR,50027,50,27,26.8
VA,ACCOMACK,51001,51,1,19.4
VA,ALBEMARLE,51003,51,3,37.0
VA,ALLEGHANY,51005,51,5,50.1
VA,AMELIA,51007,51,7,1.7
VA,AMHERST,51009,51,9,32.3
VA,APPOMATTOX,51011,51,11,17.0
VA,ARLINGTON,51013,51,13,31.1
VA,AUGUSTA,51015,51,15,43.2
VA,BATH,51017,51,17,17.3
VA,BEDFORD,51019,51,19,17.1
VA,BLAND,51021,51,21,84.1
VA,BOTETOURT,51023,51,23,11.9
VA,BRUNSWICK,51025,51,25,6.9
VA,BUCHANAN,51027,51,27,71.4
VA,BUCKINGHAM,51029,51,29,4.4
VA,CAMPBELL,51031,51,31,5.3
VA,CAROLINE,51033,51,33,4.2
VA,CARROLL,51035,51,35,46.4
VA,CHARLES CITY,51036,51,36,6.7
VA,CHARLOTTE,51037,51,37,25.5
VA,CHESTERFIELD,51041,51,41,36.6
VA,CLARKE,51043,51,43,17.0
VA,CRAIG,51045,51,45,1.5
VA,CULPEPER,51047,51,47,21.8
VA,DICKENSON,51051,51,51,79.9
VA,DINWIDDIE,51053,51,53,1.9
VA,ESSEX,51057,51,57,60.6
VA,FAIRFAX,51059,51,59,26.3
VA,FAUQUIER,51061,51,61,33.1
VA,FLOYD,51063,51,63,9.0
VA,FLUVANNA,51065,51,65,6.3
VA,FRANKLIN,51067,51,67,16.0
VA,FREDERICK,51069,51,69,3.6
VA,GILES,51071,51,71,26.5
VA,GLOUCESTER,51073,51,73,37.1
VA,GOOCHLAND,51075,51,75,11.1
VA,GRAYSON,51077,51,77,14.1
VA,GREENE,51079,51,79,12.9
VA,GREENSVILLE,51081,51,81,1.4
VA,HALIFAX,51083,51,83,18.5
VA,HANOVER,51085,51,85,47.2
VA,HENRICO,51087,51,87,46.7
VA,HENRY,51089,51,89,5.8
VA,HIGHLAND,51091,51,91,0.3
VA,ISLE OF WIGHT,51093,51,93,12.7
VA,JAMES CITY,51095,51,95,39.2
VA,KING AND QUEEN,51097,51,97,0.5
VA,KING GEORGE,51099,51,99,4.9
VA,KING WILLIAM,51101,51,101,9.3
VA,LANCASTER,51103,51,103,42.5
VA,LEE,51105,51,105,57.0
VA,LOUDOUN,51107,51,107,17.2
VA,LOUISA,51109,51,109,8.7
VA,LUNENBURG,51111,51,111,6.3
VA,MADISON,51113,51,113,4.9
VA,MATHEWS,51115,51,115,3.4
VA,MECKLENBURG,51117,51,117,47.3
VA,MIDDLESEX,51119,51,119,7.7
VA,MONTGOMERY,51121,51,121,49.3
VA,NELSON,51125,51,125,20.5
VA,NEW KENT,51127,51,127,17.3
VA,NORTHAMPTON,51131,51,131,65.9
VA,NORTHUMBERLAND,51133,51,133,7.5
VA,NOTTOWAY,51135,51,135,32.7
VA,ORANGE,51137,51,137,18.1
VA,PAGE,51139,51,139,35.9
VA,PATRICK,51141,51,141,40.4
VA,PITTSYLVANIA,51143,51,143,7.1
VA,POWHATAN,51145,51,145,14.8
VA,PRINCE EDWARD,51147,51,147,20.9
VA,PRINCE GEORGE,51149,51,149,9.1
VA,PRINCE WILLIAM,51153,51,153,16.3
VA,PULASKI,51155,51,155,35.3
VA,RAPPAHANNOCK,51157,51,157,6.8
VA,RICHMOND,51159,51,159,4.1
VA,ROANOKE,51161,51,161,74.5
VA,ROCKBRIDGE,51163,51,163,14.3
VA,ROCKINGHAM,51165,51,165,14.0
VA,RUSSELL,51167,51,167,66.5
VA,SCOTT,51169,51,169,142.9
VA,SHENANDOAH,51171,51,171,19.5
VA,SMYTH,51173,51,173,37.9
VA,SOUTHAMPTON,51175,51,175,1.8
VA,SPOTSYLVANIA,51177,51,177,26.6
VA,STAFFORD,51179,51,179,13.3
VA,SURRY,51181,51,181,1.2
VA,SUSSEX,51183,51,183,4.7
VA,TAZEWELL,51185,51,185,70.6
VA,WARREN,51187,51,187,18.1
VA,WASHINGTON,51191,51,191,58.1
VA,WESTMORELAND,51193,51,193,4.5
VA,WISE,51195,51,195,64.1
VA,WYTHE,51197,51,197,51.9
VA,YORK,51199,51,199,19.9
VA,ALEXANDRIA CITY,51510,51,510,19.2
VA,BRISTOL CITY,51520,51,520,24.6
VA,BUENA VISTA CITY,51530,51,530,25.5
VA,CHARLOTTESVILLE CITY,51540,51,540,153.8
VA,CHESAPEAKE CITY,51550,51,550,38.0
VA,COLONIAL HEIGHTS CITY,51570,51,570,73.1
VA,COVINGTON CITY,51580,51,580,117.6
VA,DANVILLE CITY,51590,51,590,67.8
VA,EMPORIA CITY,51595,51,595,123.9
VA,FAIRFAX CITY,51600,51,600,58.2
VA,FALLS CHURCH CITY,51610,51,610,21.8
VA,FRANKLIN CITY,51620,51,620,57.0
VA,FREDERICKSBURG CITY,51630,51,630,220.4
VA,GALAX CITY,51640,51,640,96.7
VA,HAMPTON CITY,51650,51,650,27.2
VA,HARRISONBURG CITY,51660,51,660,77.9
VA,HOPEWELL CITY,51670,51,670,49.2
VA,LEXINGTON CITY,51678,51,678,113.6
VA,LYNCHBURG CITY,51680,51,680,104.5
VA,MANASSAS CITY,51683,51,683,73.4
VA,MARTINSVILLE CITY,51690,51,690,343.7
VA,NEWPORT NEWS CITY,51700,51,700,56.3
VA,NORFOLK CITY,51710,51,710,69.6
VA,NORTON CITY,51720,51,720,406.7
VA,PETERSBURG CITY,51730,51,730,48.7
VA,POQUOSON CITY,51735,51,735,4.9
VA,PORTSMOUTH CITY,51740,51,740,47.0
VA,RADFORD CITY,51750,51,750,45.4
VA,RICHMOND CITY,51760,51,760,55.2
VA,ROANOKE CITY,51770,51,770,89.0
VA,SALEM CITY,51775,51,775,375.6
VA,STAUNTON CITY,51790,51,790,55.2
VA,SUFFOLK CITY,51800,51,800,43.8
VA,VIRGINIA BEACH CITY,51810,51,810,38.4
VA,WAYNESBORO CITY,51820,51,820,45.4
VA,WILLIAMSBURG CITY,51830,51,830,0.2
VA,WINCHESTER CITY,51840,51,840,219.0
WA,ADAMS,53001,53,1,16.3
WA,ASOTIN,53003,53,3,59.9
WA,BENTON,53005,53,5,72.9
WA,CHELAN,53007,53,7,58.1
WA,CLALLAM,53009,53,9,43.1
WA,CLARK,53011,53,11,39.8
WA,COLUMBIA,53013,53,13,138.2
WA,COWLITZ,53015,53,15,38.2
WA,DOUGLAS,53017,53,17,13.7
WA,FERRY,53019,53,19,38.0
WA,FRANKLIN,53021,53,21,12.4
WA,GARFIELD,53023,53,23,71.3
WA,GRANT,53025,53,25,31.7
WA,GRAYS HARBOR,53027,53,27,49.1
WA,ISLAND,53029,53,29,19.0
WA,JEFFERSON,53031,53,31,45.5
WA,KING,53033,53,33,36.4
WA,KITSAP,53035,53,35,36.1
WA,KITTITAS,53037,53,37,18.4
WA,KLICKITAT,53039,53,39,30.8
WA,LEWIS,53041,53,41,37.2
WA,LINCOLN,53043,53,43,64.4
WA,MASON,53045,53,45,15.9
WA,OKANOGAN,53047,53,47,42.6
WA,PACIFIC,53049,53,49,17.6
WA,PEND OREILLE,53051,53,51,83.5
WA,PIERCE,53053,53,53,40.4
WA,SAN JUAN,53055,53,55,26.3
WA,SKAGIT,53057,53,57,55.0
WA,SKAMANIA,53059,53,59,17.5
WA,SNOHOMISH,53061,53,61,30.4
WA,SPOKANE,53063,53,63,58.8
WA,STEVENS,53065,53,65,50.9
WA,THURSTON,53067,53,67,44.0
WA,WAHKIAKUM,53069,53,69,3.6
WA,WALLA WALLA,53071,53,71,47.4
WA,WHATCOM,53073,53,73,39.9
WA,WHITMAN,53075,53,75,36.6
WA,YAKIMA,53077,53,77,38.5
WV,BARBOUR,54001,54,1,23.0
WV,BERKELEY,54003,54,3,30.2
WV,BOONE,54005,54,5,78.3
WV,BRAXTON,54007,54,7,22.5
WV,BROOKE,54009,54,9,14.6
WV,CABELL,54011,54,11,124.2
WV,CALHOUN,54013,54,13,42.9
WV,CLAY,54015,54,15,18.8
WV,DODDRIDGE,54017,54,17,0.7
WV,FAYETTE,54019,54,19,23.6
WV,GILMER,54021,54,21,8.0
WV,GRANT,54023,54,23,57.1
WV,GREENBRIER,54025,54,25,58.6
WV,HAMPSHIRE,54027,54,27,20.2
WV,HANCOCK,54029,54,29,77.7
WV,HARDY,54031,54,31,26.6
WV,HARRISON,54033,54,33,85.7
WV,JACKSON,54035,54,35,19.7
WV,JEFFERSON,54037,54,37,23.6
WV,KANAWHA,54039,54,39,87.0
WV,LEWIS,54041,54,41,59.4
WV,LINCOLN,54043,54,43,26.8
WV,LOGAN,54045,54,45,85.1
WV,MCDOWELL,54047,54,47,20.7
WV,MARION,54049,54,49,37.1
WV,MARSHALL,54051,54,51,74.6
WV,MASON,54053,54,53,56.2
WV,MERCER,54055,54,55,54.7
WV,MINERAL,54057,54,57,26.5
WV,MINGO,54059,54,59,68.0
WV,MONONGALIA,54061,54,61,62.0
WV,MONROE,54063,54,63,16.5
WV,MORGAN,54065,54,65,23.1
WV,NICHOLAS,54067,54,67,47.3
WV,OHIO,54069,54,69,86.8
WV,PENDLETON,54071,54,71,8.9
WV,PLEASANTS,54073,54,73,10.7
WV,POCAHONTAS,54075,54,75,16.9
WV,PRESTON,54077,54,77,32.6
WV,PUTNAM,54079,54,79,49.4
WV,RALEIGH,54081,54,81,56.5
WV,RANDOLPH,54083,54,83,42.3
WV,RITCHIE,54085,54,85,13.6
WV,ROANE,54087,54,87,42.5
WV,SUMMERS,54089,54,89,54.7
WV,TAYLOR,54091,54,91,24.9
WV,TUCKER,54093,54,93,21.5
WV,TYLER,54095,54,95,11.6
WV,UPSHUR,54097,54,97,13.2
WV,WAYNE,54099,54,99,10.9
WV,WEBSTER,54101,54,101,118.2
WV,WETZEL,54103,54,103,33.2
WV,WIRT,54105,54,105,14.4
WV,WOOD,54107,54,107,66.8
WV,WYOMING,54109,54,109,42.2
WI,ADAMS,55001,55,1,4.7
WI,ASHLAND,55003,55,3,61.4
WI,BARRON,55005,55,5,42.6
WI,BAYFIELD,55007,55,7,4.0
WI,BROWN,55009,55,9,48.0
WI,BUFFALO,55011,55,11,3.7
WI,BURNETT,55013,55,13,26.8
WI,CALUMET,55015,55,15,9.6
WI,CHIPPEWA,55017,55,17,16.1
WI,CLARK,55019,55,19,16.1
WI,COLUMBIA,55021,55,21,35.7
WI,CRAWFORD,55023,55,23,30.3
WI,DANE,55025,55,25,42.8
WI,DODGE,55027,55,27,29.7
WI,DOOR,55029,55,29,29.2
WI,DOUGLAS,55031,55,31,15.8
WI,DUNN,55033,55,33,17.2
WI,EAU CLAIRE,55035,55,35,57.6
WI,FLORENCE,55037,55,37,9.2
WI,FOND DU LAC,55039,55,39,29.0
WI,FOREST,55041,55,41,6.5
WI,GRANT,55043,55,43,27.1
WI,GREEN,55045,55,45,41.4
WI,GREEN LAKE,55047,55,47,21.6
WI,IOWA,55049,55,49,26.2
WI,IRON,55051,55,51,29.7
WI,JACKSON,55053,55,53,12.9
WI,JEFFERSON,55055,55,55,15.5
WI,JUNEAU,55057,55,57,36.5
WI,KENOSHA,55059,55,59,30.0
WI,KEWAUNEE,55061,55,61,12.4
WI,LA CROSSE,55063,55,63,53.4
WI,LAFAYETTE,55065,55,65,20.3
WI,LANGLADE,55067,55,67,40.5
WI,LINCOLN,55069,55,69,27.1
WI,MANITOWOC,55071,55,71,29.4
WI,MARATHON,55073,55,73,46.4
WI,MARINETTE,55075,55,75,40.1
WI,MARQUETTE,55077,55,77,2.6
WI,MENOMINEE,55078,55,78,9.6
WI,MILWAUKEE,55079,55,79,62.6
WI,MONROE,55081,55,81,32.1
WI,OCONTO,55083,55,83,19.2
WI,ONEIDA,55085,55,85,50.4
WI,OUTAGAMIE,55087,55,87,40.2
WI,OZAUKEE,55089,55,89,45.4
WI,PEPIN,55091,55,91,26.0
WI,PIERCE,55093,55,93,11.6
WI,POLK,55095,55,95,44.6
WI,PORTAGE,55097,55,97,21.9
WI,PRICE,55099,55,99,29.4
WI,RACINE,55101,55,101,35.4
WI,RICHLAND,55103,55,103,17.0
WI,ROCK,55105,55,105,42.3
WI,RUSK,55107,55,107,14.0
WI,SAINT CROIX,55109,55,109,15.6
WI,SAUK,55111,55,111,37.3
WI,SAWYER,55113,55,113,35.5
WI,SHAWANO,55115,55,115,12.2
WI,SHEBOYGAN,55117,55,117,55.0
WI,TAYLOR,55119,55,119,13.1
WI,TREMPEALEAU,55121,55,121,6.0
WI,VERNON,55123,55,123,23.7
WI,VILAS,55125,55,125,30.2
WI,WALWORTH,55127,55,127,18.7
WI,WASHBURN,55129,55,129,52.1
WI,WASHINGTON,55131,55,131,25.1
WI,WAUKESHA,55133,55,133,41.1
WI,WAUPACA,55135,55,135,32.7
WI,WAUSHARA,55137,55,137,16.0
WI,WINNEBAGO,55139,55,139,41.0
WI,WOOD,55141,55,141,47.4
WY,ALBANY,56001,56,1,24.9
WY,BIG HORN,56003,56,3,32.1
WY,CAMPBELL,56005,56,5,37.6
WY,CARBON,56007,56,7,59.0
WY,CONVERSE,56009,56,9,26.9
WY,CROOK,56011,56,11,5.3
WY,FREMONT,56013,56,13,41.0
WY,GOSHEN,56015,56,15,15.0
WY,HOT SPRINGS,56017,56,17,98.5
WY,JOHNSON,56019,56,19,29.6
WY,LARAMIE,56021,56,21,51.1
WY,LINCOLN,56023,56,23,40.7
WY,NATRONA,56025,56,25,68.0
WY,NIOBRARA,56027,56,27,5.8
WY,PARK,56029,56,29,55.6
WY,PLATTE,56031,56,31,16.8
WY,SHERIDAN,56033,56,33,33.5
WY,SUBLETTE,56035,56,35,29.0
WY,SWEETWATER,56037,56,37,70.0
WY,TETON,56039,56,39,50.6
WY,UINTA,56041,56,41,60.0
WY,WASHAKIE,56043,56,43,40.2
WY,WESTON,56045,56,45,6.7
